ID,Arable6_1,Arable6_2,Arable6_3,Arable6_4,Restored6_1,Restored6_2,Restored6_3,Restored6_4,Arable9_1,Arable9_2,Arable9_3,Arable9_4,Restored9_1,Restored9_2,Restored9_3,Restored9_4
Bac_asv1,0.100606459,0.119309874,0.144509565,0.105517839,0.001898272,0.001706105,0.002227047,0.002344039,0.087554202,0.077854916,0.086420404,0.082240593,0.001380758,0.046535044,0.002182278,0
Bac_asv2,0.040712707,0.030769731,0.046499932,0.046764408,0,0,0,0,0.007934311,0.007509209,0.007588133,0.008765678,0,0.001094427,0,0
Bac_asv3,0.009684547,0.007895506,0.008201319,0.004875054,0,0,0,0,0.057569887,0.049234911,0.064657217,0.081812999,0,0.014402662,0,0.00010009
Bac_asv4,0.023482676,0.016050947,0.040929225,0.03318648,0.001411536,0.000259625,0.000835143,0.002056175,0.010794354,0.004321337,0.052958845,0.017175029,0.000358997,0.00555969,0.001780279,0.002652387
Bac_asv5,0.063607729,0.055495987,0.105727384,0.088075979,0,0,0,0,0.012916321,0.020048172,0.017494862,0.024087799,0,0.004246377,0,0
Bac_asv6,0.013045931,0.001917016,0.009787423,0.016069623,0.029544901,0.01554039,0.026112132,0.018176584,0.02278808,0.030745254,0.022553618,0.02472919,0.021788357,0.028630215,0.031068742,0.017615854
Bac_asv7,0.027619764,0.023686519,0.033056732,0.031669796,0.003407155,0.008864328,0.013696342,0.008677057,0.001291632,0.00708416,0.005058755,0.006057583,0.005219264,0.005691021,0,0
Bac_asv8,0.036152508,0.032784222,0.028743303,0.029719775,0.003699197,0.001817373,0.006180057,0.004153473,0.095488514,0.072754321,0.053854666,0.046393957,0.002236828,0.017335726,0.012519382,0.013412071
Bac_asv9,0.003408396,0.013581571,0.003462349,0.003936155,0.004964712,0.008864328,0.020822894,0.017230744,0.030261094,0.025857183,0.027032724,0.018885405,0.018336463,0.019962352,0.021363349,0.017415674
Bac_asv10,0.004959804,0.003314163,0.003384978,0.006283403,0.041615965,0.029077962,0.050164245,0.048690217,0,0.002125248,0,0.001425314,0.036341544,0.015409535,0.037443289,0.056650986
Bac_asv11,0.027525739,0.021119667,0.028588561,0.027047523,0.00053541,0.002002819,0.001670286,0.002179545,0.009225943,0.011334656,0.010644464,0.008551881,0.000331382,0.003633498,0,0.000550495
Bac_asv12,0.013257487,0.015238652,0.010193621,0.014986278,0.012898515,0.018284994,0.005344914,0.011843566,0.021035151,0.017568716,0.022500922,0.025441847,0.010051916,0.012826687,0.031643025,0.047292563
Bac_asv13,0.010648301,0.008090457,0.014661792,0.010580673,0.001265515,0.004969958,0.005623295,0.004071226,0.007380755,0.002833664,0.002950941,0.003919612,0.001933061,0.002013746,0,0.003052747
Bac_asv14,0.00437215,0.003671573,0,0,0,0,0,0,0.00655042,0.011263814,0.012594193,0.013041619,0,0,0,0
Bac_asv15,0.005218372,0.001722065,0,0,0,0,0,0,0,0,0.00068504,0,0,0.00105065,0.09303394,0
Bac_asv16,0.020262329,0.019982454,0.014700478,0.024772497,0,0,0,0,0.037180552,0.059365259,0.049849818,0.052309008,0,0.021450773,0,0
Bac_asv17,0.002656199,0.003574098,0.003926575,0.00357504,0,0,0,0,0.009871759,0.01331822,0.008905517,0.01895667,0,0.001663529,0,0
Bac_asv18,0.049668563,0.044806186,0.062767172,0.053264481,0.001654904,0.003449299,0.006347085,0.007443352,0.051665283,0.052493624,0.05438162,0.041191562,0.002485364,0.009193188,0.001205996,0.000900811
Bac_asv19,0.010483757,0.008480359,0.009052399,0.010797342,0,0,0,0,0.001291632,0.002975347,0.002002424,0.003206956,0,0,0,0
Bac_asv20,0.01034272,0.012801768,0.004680942,0.007800087,0.003455829,0.003820191,0.002505428,0.001932804,0.008672387,0.013176537,0.01285767,0.01895667,0.002485364,0.012345139,0.006431976,0.017015314
Bac_asv21,0,0,0,0,0,0,0,0,0,0,0,0,0,0,0.030896457,0.001651486
Bac_asv22,0.003361384,0.00289177,0,0.004947277,0,0.001149766,0.000278381,0.000616852,0.021404189,0.018135449,0.023712916,0.026724629,0,0.001488421,0.000918854,0
Bac_asv23,0.002562174,0.001917016,0.001315306,0.001552795,0,0,0,0,0.003782637,0.010130349,0.007588133,0.006912771,0,0.0021013,0,0
Bac_asv24,0.007827559,0.006953244,0.008975029,0.009208436,0.004818691,0.004116905,0.0046768,0.005675042,0.009502722,0.03237461,0.009274385,0.010618586,0.005799183,0.007923653,0.005685407,0.014513062
Bac_asv25,0.020614922,0.015596062,0.009535968,0.013902932,0.003991239,0.00192864,0.004342743,0.003824485,0.003967156,0.001275149,0.002792855,0.001852908,0.003369049,0.015234426,0.0038477,0.005054549
Bac_asv26,0.021155564,0.018910225,0.029284899,0.022028023,0.009929423,0.018396261,0.035911141,0.026524654,0.00821109,0.006234061,0.004479106,0.009478335,0.006738098,0.025784704,0.01050939,0.016715044
Bac_asv27,0.015655117,0.013711538,0.006499159,0.00621118,0,0,0,0,0.020020297,0.012043072,0.016335564,0.00890821,0,0,0,0
Bac_asv28,0.01262282,0.009422621,0.015319445,0.009750108,0,0,0,0,0.017806071,0.008359309,0.012963061,0.01154504,0,0,0,0
Bac_asv29,0.002186075,0.003281671,0.002340471,0.005091723,0.004477975,0.001743194,0.001781638,0.002179545,0.025094566,0.018206291,0.024292565,0.02836374,0.003755661,0.003327059,0.018377075,0.009208287
Bac_asv30,0.002327112,0.001202196,0.006325074,0.008630651,0,0,0,0,0.003413599,0.002904506,0.002055119,0,0,0.001575975,0,0.001501351
Bac_asv31,0.019862724,0.017740521,0.030812975,0.031958688,0,0,0,0,0.003874896,0.004817229,0.003056331,0.006627708,0,0.002626625,0.000746569,0
Bac_asv32,0.001668939,0.000747311,0.003481692,0.002166691,0.000632757,0.000407982,0.000946495,0.001233705,0,0,0,0,0.000441842,0.013658451,0,0
Bac_asv33,0.000916741,0.000617344,0.000967137,0.000397227,0.069846678,0.112936726,0.074884472,0.111444668,0,0,0,0.00049886,0.084447145,0.023508296,0.005111124,0.003803423
Bac_asv34,0,0,0,0,0.010318812,0.007009866,0.006903847,0.008183575,0,0,0,0,0.008560698,0.0042026,0.00281399,0.004804324
Bac_asv35,0.001198815,0.001462131,0.006692586,0.00476672,0,0,0,0,0,0,0,0,0,0,0,0
Bac_asv36,0.011518029,0.016245898,0.007969206,0.010761231,0.001411536,0,0.000835143,0.000740223,0.018175108,0.034287334,0.02719081,0.034350057,0,0.010944272,0.004019985,0.003553198
Bac_asv37,0.001739457,0.003184196,0.001373334,0.001516684,0.002725724,0.003671834,0.002394076,0.001315952,0.003413599,0.007438368,0.007535438,0.005487457,0.002595825,0.002757956,0.004307127,0.005304774
Bac_asv38,0.002350618,0.003574098,0.001566761,0.001516684,0.018009248,0.016133818,0.014809866,0.009211663,0.002860042,0.002125248,0.001317384,0.003777081,0.020711366,0.005734798,0.01188767,0.016664998
Bac_asv39,0.000258568,0.000227443,0.000135399,0,0.006376247,0.007121133,0.005734647,0.005017066,0.000645816,0,0,0,0.010438529,0.002320186,0.016539367,0.017916125
Bac_asv40,0,0,0,0,0.017279143,0.01991692,0.011747676,0.008265822,0,0,0,0,0.013559041,0.003195727,0.009877678,0.010059053
Bac_asv41,0.014150722,0.012639309,0.020155129,0.020078001,0.000486736,0.001743194,0.0023384,0.003824485,0,0.004250496,0.003688676,0.002565564,0.000745609,0.009412074,0,0
Bac_asv42,0.009331954,0.010559834,0.002824039,0.006355626,0,0,0,0,0,0,0,0,0,0,0,0
Bac_asv43,0.012646326,0.009747539,0.007698408,0.01791131,0.016013629,0.017580298,0.015812037,0.009705145,0.007657533,0.011618022,0.006112663,0.012471494,0.006379101,0.007573436,0.006948831,0.006105495
Bac_asv44,0,0,0,0,0.004964712,0.01164602,0.001391905,0.000575729,0,0,0,0,0.007649398,0.001575975,0,0.001401261
Bac_asv45,0.006628743,0.002826786,0.003036809,0.004080601,0.014261377,0.012387805,0.020210456,0.014352099,0,0,0.001159298,0.002494299,0.011294598,0.005078142,0.008097398,0.014463017
Bac_asv46,0.007663015,0.004906261,0.009497282,0.006536184,0,0,0.000501086,0.00094584,0.008764646,0.007792576,0.003741371,0.006912771,0,0.004903034,0,0
Bac_asv47,0.00079921,0.00126718,0.000754367,0.000433338,0,0,0,0,0.007196236,0.00531312,0.00432102,0.005629989,0,0,0,0
Bac_asv48,0,0,0.004294087,0.001986133,0,0,0,0,0,0,0,0,0,0.001882415,0.001435709,0
Bac_asv49,0.007357435,0.008642818,0.004990425,0.00429727,0,0,0,0,0.007565274,0.008359309,0.005638404,0.007197834,0,0.000656656,0,0
Bac_asv50,0.004818767,0.000974754,0.005918877,0.006319515,0,0,0,0,0,0,0,0.000427594,0,0.001926192,0,0
Bac_asv51,0,0,0,0,0.012071064,0.008307989,0.007404933,0.008512563,0,0,0,0,0.010189992,0.006741671,0.000401999,0.001351216
Bac_asv52,0,0,0,0,0.004721343,0.004005638,0.007850342,0.0068265,0,0,0.000316172,0.000427594,0.006876174,0.012345139,0.014759088,0.010559504
Bac_asv53,0,0,0,0,0.005305427,0.003449299,0.003451924,0.002302916,0,0,0,0,0.005578261,0,0.00419227,0.005905315
Bac_asv54,0.0129284,0.012444358,0.006131647,0.009533439,0,0,0,0,0.008395608,0.00531312,0.005322232,0.004988597,0,0,0,0
Bac_asv55,0.003126322,0.003704065,0.001972959,0.001336126,0.004818691,0.004042727,0.004398419,0.005592795,0.002029708,0,0.001264689,0.00263683,0.004031813,0.019130587,0.011830242,0.011009909
Bac_asv56,0,0,0,0,0,0,0,0,0,0,0,0,0.001270297,0.008317647,0.00419227,0.009258332
Bac_asv57,0.003690471,0.004808786,0.007060098,0.004730608,0,0,0,0,0.012639542,0.01948144,0.017284081,0.021094641,0,0.00691678,0,0
Bac_asv58,0,0,0,0,0.029690922,0.045545583,0.031791103,0.036353169,0,0,0,0,0.02399757,0.007091888,0.003675415,0.006505855
Bac_asv59,0.002233087,0.001234688,0,0,0,0,0,0,0.011809207,0.008005101,0.012225325,0.002351767,0,0,0,0
Bac_asv60,0.004489681,0.003931507,0.006286389,0.003683374,0,0,0,0,0,0.002054406,0.001528166,0.001567845,0,0.000481548,0,0
Bac_asv61,0,0,0,0,0.005110733,0.011423485,0.004175714,0.003084262,0,0,0,0,0.003424279,0,0.000574284,0.001401261
Bac_asv62,0.004419162,0.003086721,0.001005822,0.001986133,0,0,0,0,0,0,0,0,0,0,0.004594269,0
Bac_asv63,0.006135114,0.007115703,0.001992302,0.001733353,0.002190314,0.001001409,0.001614609,0.00176831,0.005720085,0.002621139,0.002950941,0.000997719,0.001601679,0.001532198,0,0.003202883
Bac_asv64,0.001904001,0.00126718,0.000773709,0.000613896,0.00053541,0,0,0.000370111,0.007657533,0.009846982,0.012804974,0.007767959,0.001021761,0.000875542,0.000516855,0
Bac_asv65,0.005218372,0.006530851,0.001895588,0.002672252,0,0,0,0,0.003598118,0.00354208,0.002529378,0.003278221,0,0,0,0
Bac_asv66,0,0,0,0,0.004380628,0.002707514,0.009743333,0.007731217,0,0,0,0,0.004252734,0.009412074,0.001091139,0.001151036
Bac_asv67,0.004231113,0.004191442,0,0,0,0,0,0,0.001014854,0.001133466,0.000632344,0.000855188,0,0,0,0
Bac_asv68,0.0041841,0.003671573,0.002533898,0,0,0,0,0,0,0.00134599,0.001949729,0.001710376,0,0,0,0
Bac_asv69,0,0,0,0,0.002579703,0.007603294,0.00890819,0.006209648,0,0,0,0,0.003148128,0.001313313,0.002124849,0.002302072
Bac_asv70,0,0.00090977,0.00183756,0.000541673,0.018982721,0.010867146,0.01737097,0.01447547,0.006919458,0.00219609,0.001633556,0.002850627,0.013835193,0.009149411,0.023373342,0.021018917
Bac_asv71,0.001927507,0.002241934,0.000522254,0.00046945,0,0,0,0,0.007749792,0.001912723,0.002318596,0.001282782,0,0.000787988,0,0
Bac_asv72,0.012716845,0.011372129,0.010445076,0.019500217,0.005013385,0.006898598,0.008629809,0.008019081,0.016514439,0.010838765,0.010222901,0.008623147,0.00439081,0.006522786,0.018721645,0.013061756
Bac_asv73,0,0,0.003210894,0.003358371,0.002823071,0.001594837,0,0.000863593,0,0,0,0,0.001242682,0,0,0
Bac_asv74,0.001175309,0.001754557,0.00332695,0.002275025,0,0.000333803,0,0,0.002491005,0.00134599,0.001422775,0.001567845,0,0.002801734,0,0
Bac_asv75,0.006323163,0.005686064,0.003307607,0.00357504,0.002969092,0.001261034,0.003785981,0.003454373,0.004336193,0.006092377,0.00216051,0.004418472,0.001546449,0.002495294,0.000574284,0.001251126
Bac_asv76,0.004795261,0.005198687,0.000657653,0.003394482,0,0,0,0,0.003598118,0.004108813,0.001738947,0.002993158,0,0.002057523,0,0
Bac_asv77,0,0,0,0,0.00160623,0.000407982,0.000668114,0.004441337,0,0,0,0,0.007649398,0,0.000114857,0.001951757
Bac_asv78,0,0,0,0,0.008225846,0.006119724,0.006402762,0.00505819,0,0,0,0,0.008726389,0,0.001780279,0.004003603
Bac_asv79,0,0,0,0,0.006619615,0.00630517,0.005623295,0.009993009,0,0,0,0,0.006185795,0.001444644,0.001550566,0.000950856
Bac_asv80,0.012716845,0.011339637,0.006034933,0.008197313,0,0,0.001113524,0,0.009410462,0.009846982,0.010539074,0.006770239,0.000276152,0.0021013,0.003273416,0.004704234
Bac_asv81,0.005218372,0.006270917,0.004274744,0.004008378,0.000486736,0,0.000556762,0.000575729,0.005166528,0.007155001,0.007271961,0.005131129,0.000303767,0.002933065,0,0
Bac_asv82,0.005006817,0.005718556,0.003152866,0.00476672,0.000924799,0,0.001391905,0.001028087,0.011624689,0.005100595,0.007535438,0.005487457,0.001270297,0.004377709,0,0
Bac_asv83,0,0,0,0,0.007836457,0.006564795,0.005289238,0.006867623,0,0,0,0,0.00626864,0,0,0.001301171
Bac_asv84,0,0,0,0,0.006230226,0.00923522,0.004621124,0.009581774,0,0,0,0,0.007566553,0,0.003273416,0.003152838
Bac_asv85,0,0,0,0,0,0,0,0.001809434,0,0,0,0,8.28E-05,0.006303901,0.000401999,0.00020018
Bac_asv86,0.002186075,0.002859278,0.001508733,0.000505561,0,0,0,0,0.006273641,0.006021536,0.00284555,0.003563284,0,0.001138204,0,0
Bac_asv87,0.001198815,0.001689573,0.000174085,0,0.00160623,0.003263853,0.005456266,0.003331003,0,0,0,0,0.001601679,0.00450904,0.006546833,0.007406666
Bac_asv88,0,0,0,0,0,0,0,0,0,0,0,0,0,0,0.007925113,0
Bac_asv89,0.001833482,0.001299672,0.007621037,0.001372237,0,0,0,0,0,0.000920941,0.001001212,0.001211517,0,0,0.002067421,0
Bac_asv90,0.003173335,0.003021737,0.001334649,0.003538928,0,0,0,0,0,0.000566733,0.000737735,0.000285063,0,0,0,0
Bac_asv91,0,0,0,0,0.005792164,0.006490616,0.003340571,0.005222684,0,0,0,0,0.008312162,0,0,0
Bac_asv92,0.003455409,0.00324918,0.001295963,0.002202802,0,0,0.000278381,0.000411235,0,0.00708416,0.004162934,0.004418472,0,0.000569102,0.001550566,0.000800721
Bac_asv93,0,0,0,0,0.006716963,0.005563386,0.004732476,0.000575729,0,0,0,0,0.001435988,0,0.000746569,0
Bac_asv94,0,0,0,0,0.008615235,0.006750241,0.009353599,0.009993009,0,0,0,0,0.009913841,0.003020619,0.001148567,0.003803423
Bac_asv95,0.002656199,0.00289177,0.000599625,0.001516684,0,3.71E-05,0,0,0.005720085,0.008075942,0.004426411,0.005986317,0.000165691,0.000569102,5.74E-05,0
Bac_asv96,0.001974519,0.002404393,0.003017466,0.000830565,0,0,0,0,0.01632992,0.010838765,0.008852822,0.006556442,0,0,0,0
Bac_asv97,0.000587655,0.000389902,0.001160564,0.000794453,0.003455829,0.001631926,0.000389733,0.000493482,0.000738075,0.000850099,0.001001212,0.001639111,0.005136419,0.002976842,0.000287142,0.00010009
Bac_asv98,0,0,0,0,0.008031151,0.00682442,0.004899504,0.004646955,0,0,0,0,0.006738098,0,0.000918854,0.005554999
Bac_asv99,0.003549434,0.002436885,0,0,0,0,0,0,0,0,0,0,0,0,0,0
Bac_asv100,0.001198815,0.001657082,0.000773709,0.001083345,0,0,0,0,0.005812344,0.002691981,0.002792855,0.002565564,0,0,0,0
Bac_asv101,0,0,0,0,0.014748114,0.024404718,0.015310952,0.013611876,0,0,0,0,0.013420965,0,0,0.001951757
Bac_asv102,0.006346669,0.007440621,0.002998124,0.00548895,0.000340716,0.003560567,0.005734647,0.006333018,0.006827198,0.003754605,0.002740159,0.004917332,0.002954822,0.007354551,0.009877678,0.017215494
Bac_asv103,0.002374124,0.002956753,0.001779532,0.002275025,0.001216841,0.001743194,0.00072379,0,0.004705231,0.003471238,0.002213205,0.005131129,0,0.00315195,0.00068914,0
Bac_asv104,0.002374124,0.003281671,0.001779532,0.001227791,0.002238988,0,0.001057848,0,0.002860042,0.003612922,0.000263477,0,0.002706285,0.002670402,0.00419227,0.002552297
Bac_asv105,0.000681679,0.001072229,0.000522254,0.000975011,0,0,0,0,0.002860042,0.007013318,0.000948517,0,0,0,0,0
Bac_asv106,0.000963753,0.001202196,0.00106385,0.00191391,0.003358481,0.003708924,0.007293581,0.007484476,0,0,0,0,0.003396664,0.010550278,0.001607994,0.003202883
Bac_asv107,0.007122373,0.005848523,0.003481692,0.005055612,0,0,0,0,0.002767783,0,0,0,0,0,0,0
Bac_asv108,0.001904001,0.00289177,0.000406197,0.000397227,0,0,0,0,0.005166528,0.002479456,0.004795278,0.004204675,0,0,0,0
Bac_asv109,0,0,0,0,0.003017766,0.002225354,0.002449752,0.001809434,0,0,0,0,0.003120513,0,0.001148567,0.001351216
Bac_asv110,0.001856988,0.001429639,0.001025165,0.001300014,0.00574349,0.005192493,0.010745504,0.009581774,0.000922594,0.001700198,0.001211993,0.001282782,0.004611731,0.012651578,0.003330845,0.012961665
Bac_asv111,0.001645433,0.001494623,0.002147043,0.002744475,0.01577026,0.011497663,0.017593675,0.014393223,0,0,0,0,0.011902132,0.017817274,0.006776546,0.008707837
Bac_asv112,0.000517136,0.000617344,0.002553241,0.003250036,0.00160623,0.001298123,0,0.000699099,0.002214226,0.001204307,0.001844338,0,0.00096653,0.000875542,0.001895136,0.003302973
Bac_asv113,0.001974519,0.001104721,0.006402445,0.002238914,0.00160623,0.001631926,0.002227047,0.002056175,0.001845189,0.001416832,0,0,0.001270297,0.003808607,0,0.000450405
Bac_asv114,0.000963753,0.001559606,0.000793052,0.000505561,0,0.002002819,0.001837314,0.001357075,0,0.002550298,0.002582073,0.003492018,0.002292058,0.002320186,0.000803997,0.002151937
Bac_asv115,0,0,0,0,0.008809929,0.006268081,0.004342743,0.005551672,0,0,0,0,0.010300453,0.003939938,5.74E-05,0.001351216
Bac_asv116,0.005688496,0.005556097,0,0,0,0,0,0,0.005166528,0.00488807,0.002107815,0.001924173,0,0,0,0
Bac_asv117,0.006534719,0.008675309,0.006267046,0.010869565,0.00214164,0.00192864,0.004732476,0.006250771,0.010886613,0.016435251,0.012699584,0.01368301,0.001518834,0.007748544,0.001493137,0.00050045
Bac_asv118,0.000399605,0.000844787,0.000348169,0.000686119,0.001800925,0.001298123,0.001614609,0.001233705,0,0.002125248,0.001106603,0.000783922,0.001794985,0.010988049,0.014184804,0.001751576
Bac_asv119,0,0,0,0,0,0.001298123,0.000946495,0,0,0,0,0,0.001684524,0.008974303,0.004479412,0.007206486
Bac_asv120,0,0,0,0,0.002628377,0.001261034,0.002394076,0.00164494,0,0,0,0,0.001491218,0.00030644,0.003445701,0.004454009
Bac_asv121,0,0,0,0,0,0,0,0,0,0,0,0,0,0,0.002297134,0.003353018
Bac_asv122,0.001316346,0.001754557,0.000328826,0,0,0,0.001336228,0.001973928,0,0,0.000843126,0,0.001104606,0.001138204,0.006259691,0.003553198
Bac_asv123,0,0,0,0,0.001946946,0.001483569,0,0.000370111,0,0,0,0,0.002927206,0.0021013,0,0
Bac_asv124,0,0,0,0,0.004429302,0.006638973,0.006124381,0.004441337,0,0,0,0,0.003230973,0,0.002641704,0.003703333
Bac_asv125,0.002844248,0.002924262,0.00141202,0.001805576,0,0,0,0,0.001383892,0.000850099,0.000737735,0.001567845,0,0,0,0
Bac_asv126,0.001998025,0.004256425,0.002011644,0.00429727,0,0,0,0,0.00166067,0.00177104,0.001264689,0.00313569,0.000110461,0.00450904,0,0
Bac_asv127,0,0,0,0,0.001216841,0.001631926,0.000612438,0.00082247,0,0,0,0,0.002844361,0,0,0
Bac_asv128,0,0,0,0,0,0.000370892,0,0.000205617,0,0,0,0,0.000110461,0,0.005685407,0.007957161
Bac_asv129,0.005006817,0.003314163,0.005125824,0.007366749,0.000924799,0.001112677,0.001224876,0.001439322,0,0.001275149,0.003003636,0.001639111,0.000994146,0.001882415,0.002297134,0.002502252
Bac_asv130,0.002350618,0.001689573,0.001566761,0.002816698,0.000486736,0,0.000779467,0.000370111,0,0.000637574,0.000526954,0.000356328,0,0,0,0
Bac_asv131,0.001504396,0.002014491,0.001934273,0.001300014,0,0,0,0,0,0.001629357,0.001686252,0.002921893,0,0,0,0
Bac_asv132,0,0,0,0,0.004818691,0.002818782,0.002783809,0.00423572,0,0,0,0,0.007097095,0.00555969,0.001091139,0.001801621
Bac_asv133,0,0,0,0,0,0,0,0,0,0,0,0,0,0,0.003790272,0.001701531
Bac_asv134,0.001034272,0.001982,0.003365636,0.002708363,0,0,0,0,0.000553557,0.000495891,0.000579649,0.000356328,0,0,0,0
Bac_asv135,0,0,0,0,0.00107082,0.000890142,0.001224876,0.001562693,0,0,0,0,0.005219264,0,0.002182278,0.001451306
Bac_asv136,0,0,0,0.001480572,0,0,0,0,0,0,0,0,0,0.006128792,0.000861425,0
Bac_asv137,0.00467773,0.003509114,0.000967137,0.003250036,0.000924799,0.001001409,0,0,0.007380755,0.006588269,0.002318596,0.002351767,0.001463603,0.003020619,0,0
Bac_asv138,0.001128297,0.001137213,0.001876245,0.001769464,0,0,0,0,0.001199373,0,0.000474258,0,0,0,0,0
Bac_asv139,0,0,0,0,0.003115113,0.002633336,0.00189299,0.001809434,0,0,0,0,0.003092897,0.001444644,0.004996267,0.003853468
Bac_asv140,0.000681679,0.000649836,0,0.000505561,0,0,0,0,0.00322908,0.002408614,0.003319808,0.002423033,0,0,0,0
Bac_asv141,0.00079921,0.002664327,0.00063831,0.000361115,0,0,0,0,0.004428453,0.007013318,0.005901881,0.006342645,0,0.001444644,0.002526848,0.001301171
Bac_asv142,0,0,0,0,0.008761256,0.009198131,0.009019542,0.009746268,0,0,0,0,0.011598365,0.011206934,0.039338425,0.016915224
Bac_asv143,0,0.001397147,0.001818217,0.00787231,0,0,0.001503257,0.001357075,0,0,0,0,0,0,0,0
Bac_asv144,0,0,0,0,0.009296666,0.007417847,0.018428818,0.009499527,0,0,0,0,0.011128908,0.021275664,0.011141101,0.007156441
Bac_asv145,0,0,0,0,0,0,0,0,0,0,0,0,0,0,0.005398266,0.003753378
Bac_asv146,0.001762964,0.002631835,0.002649955,0.003791709,0,0,0,0,0.004151675,0.003329555,0.003056331,0.004632269,0,0,0,0
Bac_asv147,0,0,0,0,0,0.001186856,0.000668114,0,0,0,0,0,0.000358997,0.004071269,0.00103371,0.001301171
Bac_asv148,0,0,0,0,0.005840837,0.00389437,0.007906019,0.007895711,0,0,0,0,0.007152325,0.006041238,0.007752828,0.006806126
Bac_asv149,0.002256593,0.002859278,0.000154742,0,0,0,0,0,0.004705231,0.004817229,0.005322232,0.004275941,0,0,0,0
Bac_asv150,0,0,0,0,0.000730105,0.000890142,0,0,0,0,0,0,0.000828455,0,0.001780279,0.004504054
Bac_asv151,0,0,0,0,0.002190314,0.002336622,0.002282724,0.002344039,0,0,0,0,0.003810891,0,0.001665422,0.005404864
Bac_asv152,0,0,0,0,0.004575322,0.003560567,0.003229219,0.003659991,0,0,0,0,0.00353474,0.003896161,0,0
Bac_asv153,0,0,0,0,0.001703578,0.001743194,0.002282724,0.001973928,0,0,0,0,0.001933061,0,0.003445701,0.004454009
Bac_asv154,0.000117531,0,0.000116056,0.000252781,0.00053541,0,0,0,0.007196236,0.00488807,0.001844338,0.004632269,0.000193306,0.000875542,0.000459427,0.00030027
Bac_asv155,0,0,0,0,0.002774398,0.004673244,0.006291409,0.003865608,0,0,0,0,0.002789131,0.003808607,0.005225981,0.002552297
Bac_asv156,0,0,0.000193427,0,0.004429302,0.005155404,0.006736819,0.009910762,0,0,0,0,0.002899591,0.001926192,0,0.000250225
Bac_asv157,0,0,0,0,0.003017766,0.002967139,0.003006514,0.000863593,0,0,0,0,0.002098752,0.002013746,0.005225981,0.002552297
Bac_asv158,0,0,0,0,0,0,0,0,0,0,0,0,0.001159837,0,0.002182278,0.002452207
Bac_asv159,0,0,0,0,0,0,0,0,0,0,0,0,0.000773224,0,0.002526848,0.002101892
Bac_asv160,0,0,0,0,0,0,0,0,0,0,0,0,0.00080084,0,0.003215988,0.002201982
Bac_asv161,0,0,0,0,0.005256753,0.006119724,0.004788152,0.007361105,0,0,0,0,0.004473655,0.011031826,0,0
Bac_asv162,0,0,0,0,0.001216841,0,0.000946495,0,0,0,0,0,0.0009113,0,0.002986275,0.001651486
Bac_asv163,0.001715951,0.001917016,0,0,0,0,0,0,0,0,0,0,0,0.003677275,0,0.002101892
Bac_asv164,0,0,0,0,0.004526649,0.00389437,0.005177885,0.004729202,0,0,0,0,0.003010052,0,0,0.000850766
Bac_asv165,0,0,0,0,0,0,0,0,0,0,0,0,0,0,0.002239706,0.004203783
Bac_asv166,0.001951013,0.002664327,0,0,0,0,0,0,0,0,0,0.000570125,0,0,0,0
Bac_asv167,0,0,0,0,0.003942565,0.002522068,0.003674628,0.002714151,0,0,0,0,0.003037667,0,0,0.002702432
Bac_asv168,0,0,0,0,0.001508883,0.001780283,0.003284895,0.002138422,0,0,0,0,0.001656909,0.006128792,0.002182278,0.004804324
Bac_asv169,0,0,0,0,0,0,0,0,0,0,0,0,0,0,0.002411991,0.002001802
Bac_asv170,0.001668939,0.001364655,0.001044508,0.001552795,0,0,0,0,0,0.002266931,0.00137008,0.001639111,0,0,0,0
Bac_asv171,0,0,0,0,0.001119494,0.000741785,0,0,0,0,0,0,0.000773224,0,0.00315856,0.003453108
Bac_asv172,0,0,3.87E-05,0,0.006035532,0.003746013,0.00540059,0.006415265,0,0,0,0,0.010907986,0.016285076,0.000401999,0.002652387
Bac_asv173,0,0,0,0,0.003893891,0.005081225,0.005233562,0.005675042,0,0,0,0,0.006627637,0,0,0.001151036
Bac_asv174,0.000399605,0.00035741,0.001528076,0.000866676,0,0.000445071,0.002227047,0.001603816,0,0,0,0,0.000358997,0.00074421,0,0
Bac_asv175,0,0,0,0.000397227,0,0,0,0,0.003874896,0.002904506,0.002634768,0.003206956,0,0,0.001148567,0.000150135
Bac_asv176,0,0,0,0,0.004770017,0.003671834,0.005344914,0.004564708,0,0,0,0,0.003562355,0.003983715,0.006374548,0.003803423
Bac_asv177,0,0,0,0,0,0.001669016,0,0.002138422,0,0,0,0,0,0,0.0115431,0.004554099
Bac_asv178,0.001833482,0.002241934,0.001083193,0.001552795,0,0,0,0,0,0.001416832,0.000843126,0,0,0.001006873,0,0
Bac_asv179,0.000211556,0.000422393,0.001508733,0.000938899,0.000876126,0,0.001725962,0.001932804,0,0,0,0,0,0.002670402,0.00068914,0.001451306
Bac_asv180,0,0,0.000270798,0,0,0,0,0,0,0.00134599,0.001686252,0.001924173,0,0,0,0
Bac_asv181,0,0,0.000406197,0,0.00306644,0,0,0,0,0,0,0,0.002153982,0.00074421,0,0
Bac_asv182,0,0,0.000116056,0,0.00053541,0.00192864,0.002394076,0.002960892,0,0,0,0,0.000524688,0,0.000401999,0.003903513
Bac_asv183,0.002656199,0.007635572,0.001005822,0.002744475,0.006911657,0.002855871,0.002449752,0.001603816,0.007934311,0.004533862,0.004795278,0.004275941,0.002402519,0,0.002124849,0.00050045
Bac_asv184,0.002491655,0.002144459,0.002166386,0.002347248,0,0,0,0,0.003967156,0.002550298,0.002055119,0.00313569,0,0,0,0
Bac_asv185,0,0,0,0,0.000632757,0.000445071,0,0.000370111,0,0,0,0,0.000441842,0,0.001607994,0.002452207
Bac_asv186,0.001057778,0.001917016,0,0.000866676,0,0,0,0,0.001383892,0.001912723,0.002371292,0.001496579,0,0.002889288,0.000229713,0.003903513
Bac_asv187,0.00178647,0.001202196,0.000889766,0.000975011,0,0,0,0,0,0,0,0,0,0,0,0
Bac_asv188,0,0,0,0.000288892,0.000876126,0.000704695,0.001614609,0.001850557,0,0,0,0,0.002816746,0.002320186,0,0
Bac_asv189,0.00517136,0.006530851,0.007369582,0.011086234,0,0,0,0,0.00322908,0.001062624,0.003425199,0.002494299,0,0.007748544,0,0
Bac_asv190,0,0,0,0,0,0,0,0,0,0,0,0,0,0.003283282,0.002584276,0.000550495
Bac_asv191,0,0,0,0,0.004477975,0.004079816,0.002672457,0.00246741,0,0,0,0,0.002071137,0,0.000459427,0.000550495
Bac_asv192,0.001739457,0.001494623,0.000367512,0.000361115,0,0,0,0,0,0.001133466,0.000843126,0,0,0,0,0
Bac_asv193,0,0,0,0,0,0,0,0,0,0.002125248,0.001844338,0.002779361,0,0,0,0
Bac_asv194,0,0,0,0,0.003309808,0.002114086,0.00306219,0,0,0,0,0,0.004998343,0,0.001722851,0.005705135
Bac_asv195,0.001692445,0.002631835,0,0.000650007,0.004234607,0.001409391,0.001002171,0.000863593,0,0,0.001106603,0.000356328,0.002457749,0.004903034,0.003445701,0.003703333
Bac_asv196,0,0,0,0,0.001216841,0.002188265,0.000668114,0.000575729,0,0,0,0,0.001877831,0.004290155,0.001722851,0.00060054
Bac_asv197,0,0,0,0,0.00413726,0.001186856,0.002616781,0.000699099,0,0,0,0.00263683,0.002015906,0,0.004364555,0.003903513
Bac_asv198,7.05E-05,0.002371901,0,0.000975011,0.000632757,0,0,8.22E-05,0,0.001204307,0.002950941,0.001995439,0.000248536,0.00030644,0.002124849,0
Bac_asv199,0.000352593,0.00090977,0.000406197,0.000541673,0.001314188,0,0.002004343,0.001521569,0,0,0,0,0,0.003195727,0.00068914,0
Bac_asv200,0.000963753,0.000779803,0.000290141,0.000613896,0.002044293,0.002707514,0.002672457,0.003002015,0,0,0,0,0.001187452,0,0,0.001651486
Bac_asv201,0,0,0,0,0,0,0,0,0,0,0,0,0,0.00315195,0,0
Bac_asv202,0.001668939,0.00217695,0.000348169,0.000541673,0,0,0.000668114,0.000452358,0,0,0,0,0,0,0,0
Bac_asv203,0.00258568,0.002696819,0.001218592,0.002094468,0.001216841,0,0,0.00082247,0.001291632,0,0,0,0.000552303,0,0,0.001451306
Bac_asv204,0.000681679,0.00126718,0.002205072,0.001697241,0,0,0,0,0,0,0.000843126,0.000641391,0,0.001269536,0,0
Bac_asv205,0.001386865,0.001657082,0.002011644,0.001119457,0,0,0,0,0.005720085,0.003471238,0.003003636,0,0,0,0,0
Bac_asv206,0,0,0,0,0.001168167,0.001001409,0,0,0,0,0,0,0.001933061,0.00105065,0,0
Bac_asv207,0,0,0,0,0.002044293,0.002781693,0.002060019,0.00259078,0,0,0,0,0.000303767,0,0,0
Bac_asv208,0,0,0,0,0,0.001520659,0,0.001192581,0,0,0,0,0.001491218,0.000437771,0.004019985,0.005504954
Bac_asv209,0.003949039,0.004808786,0.001566761,0.002744475,0,0,0,0,0.005258788,0.005029753,0.002002424,0.000570125,0,0,0,0
Bac_asv210,0,0,0,0,0.003650523,0.00293005,0,0.000863593,0,0,0,0,0.004307964,0,0.001550566,0.002252027
Bac_asv211,0.000634667,0.001104721,0,0,0,0,0,0,9.23E-05,0,0,0,0,0.003020619,0,0
Bac_asv212,0.0022801,0.003119212,0.001044508,0.001300014,0.003358481,0,0.000334057,0,0.002583264,0,0,0.000997719,0,0,0.000803997,0.000450405
Bac_asv213,0.000258568,0.000552361,0,0,0,0,0,0,0,0,0.002476682,0.001425314,0,0,0.001493137,0.004454009
Bac_asv214,0.001222321,0.002209442,0.000154742,0.000361115,0.000778778,0.00048216,0,0.000781346,0,0,0.000526954,0,0.000386612,0.001269536,5.74E-05,0
Bac_asv215,0.00745146,0.008187933,0.003307607,0.002527806,0,0,0,0,0.005443307,0.004817229,0.00500606,0.003206956,0,0,0,0
Bac_asv216,0,0,0,0,0.004380628,0.003857281,0.00306219,0.003618867,0,0,0,0,0.003341434,0,0.002584276,0.003052747
Bac_asv217,0,0,0,0,0.001411536,0.003263853,0.002672457,0.003577744,0,0,0,0,0.001905446,0.000919319,0,0
Bac_asv218,0,0,0,0,0.00107082,0.001298123,0.000890819,0.000575729,0,0,0,0,0.001684524,0,0.001952564,0.003403063
Bac_asv219,0,0,0,0,0.001557557,0.001149766,0.001614609,0.002755274,0,0,0,0,0,0,0,0
Bac_asv220,0,0,0,0,0,0,0.001725962,0.002549657,0,0,0,0,0,0,0.00315856,0.005204684
Bac_asv221,0,0,0,0,0.003650523,0.003746013,0,0.001891681,0,0,0,0,0.004004198,0,0.002699133,0.006906216
Bac_asv222,0.002021532,0.002566852,0.000232113,0.000361115,0,0,0,0,0.00488975,0.001416832,0.001422775,0.00263683,0,0,0,0
Bac_asv223,0,0,0,0,0.00160623,0.001594837,0.001725962,0.003372126,0,0,0,0,0.002595825,0.000787988,0,0.001701531
Bac_asv224,0,0,0,0,0.00306644,0.002559157,0.003674628,0.004153473,0,0,0,0,0.003948967,0,0.000229713,0.000750676
Bac_asv225,0.000446617,0.000779803,0.000483568,0,0,0,0,0,0.001845189,0.002550298,0.001528166,0.002351767,0,0,0,0
Bac_asv226,0,0,0,0,0.000486736,0,0.000556762,0.000493482,0,0,0,0,0,0.00074421,0.001607994,0.001851666
Bac_asv227,0.000352593,0.00090977,0.000735024,0.000975011,0,0,0,0,0.002121967,0,0.001949729,0.001924173,0,0.000218885,0,0
Bac_asv228,0.00049363,0.000519869,0,0.000216669,0.004575322,0.003078407,0.001224876,0.003084262,0,0,0.000316172,0.000641391,0.004031813,0.006391455,0.007752828,0.006205585
Bac_asv229,0,0,0,0,0.000438063,0.00096432,0.001336228,0.002138422,0,0,0,0,0.00171214,0,0.001952564,0.003202883
Bac_asv230,0.00030558,0.000422393,0.001702161,0.001227791,0,0,0,0,0,0,0,0,0,0,0,0.001201081
Bac_asv231,0.002515161,0.003216688,0.000947794,0.002275025,0,0,0,0,0,0,0,0,0,0,0,0
Bac_asv232,0,0,0,0,0,0,0,0,0.001476151,0.001558515,0.000895821,0.001710376,0,0,0,0.001351216
Bac_asv233,0.000517136,0.000747311,0,0,0.002238988,0.001669016,0,0.002385163,0,0,0,0,0.002236828,0.002145077,0,0.000950856
Bac_asv234,0,0,0,0,0.001022147,0,0,0,0,0,0,0,0.001739755,0,0,0
Bac_asv235,0,0.000487377,0,0,0.003893891,0.001743194,0.003173543,0.001686063,0,0,0,0,0.0027339,0.001444644,0,0.002252027
Bac_asv236,0,0,0,0,0.002336335,0.003004228,0.0023384,0.002097298,0,0,0,0,0.002292058,0,0.007178545,0.008207387
Bac_asv237,0.000258568,0.000487377,0.000812395,0.000288892,0.000584084,0.000815963,0.001224876,0.000740223,0.002029708,0,0.001053907,0.002565564,0.000469458,0.002276409,0.001895136,0.001501351
Bac_asv238,0,0,0,0,0.001216841,0.001854462,0.0023384,0.001727187,0,0,0,0,0.001463603,0.002451517,0.003388273,0.003152838
Bac_asv239,0,0.000389902,0,0,0.000486736,0.000704695,0.001558933,0.001151458,0,0,0,0,0.001463603,0.002013746,0.005800264,0.004103693
Bac_asv240,0,0,0,0,0,0.000630517,0,0.00082247,0,0,0,0,0.000690379,0,0.002986275,0.003302973
Bac_asv241,0,0,0,0,0.001460209,0.002855871,0.000946495,0.002015051,0,0,0,0,0.002319673,0,0,0
Bac_asv242,0,0,0,0,0.001411536,0.002299533,0.000946495,0,0,0,0,0,0.001297912,0,0.002526848,0.002502252
Bac_asv243,0,0,0,0,0.00214164,0.001631926,0.003841657,0.003248756,0,0,0,0,0.000552303,0,0,0
Bac_asv244,0,0,0,0,0,0,0,0,0,0,0,0,0,0,0.003560558,0
Bac_asv245,0,0,0,0,0.000681431,0.001335213,0,0,0,0,0,0,0.000938915,0,0.002469419,0.008157342
Bac_asv246,0,0,0,0,0.001022147,0.001261034,0.001113524,0.001110334,0,0,0,0,0.000690379,0,0.003962557,0.001851666
Bac_asv247,0.001410371,0.000259934,0.000406197,0.000252781,0,0,0,0,0.001107113,0.00042505,0.001106603,0.001924173,0,0,0,0
Bac_asv248,0.002914767,0.00380154,0.001160564,0.002202802,0,0,0,0,0.001291632,0.001629357,0.001686252,0.002993158,0,0.000437771,0,0
Bac_asv249,0.001128297,0.002209442,0.001141221,0.00191391,0,0,0,0,0.001107113,0.001841882,0.001159298,0.002066705,0,0,0,0
Bac_asv250,0,0,0,0,0.002385009,0.001780283,0.00306219,0.002302916,0,0,0,0,0.001656909,0,0,0.003503153
Bac_asv251,0.000446617,0.001007246,0.000270798,0.001047234,0,0,0,0,0,0,0,0,0.000220921,0,0.003732843,0.001451306
Bac_asv252,0.001386865,0.000487377,0,0,0,0.000667606,0,0,0,0,0,0,0,0,0,0
Bac_asv253,0,0,0,0,0.000924799,0,0.001391905,0.00176831,0,0,0,0,0.004169888,0.002276409,0.001895136,0.001100991
Bac_asv254,0.002538668,0.002599344,0.00396526,0.003791709,0,0,0,0,0,0,0,0,0,0.002276409,0,0
Bac_asv255,0,0.000974754,0.000522254,0.000361115,0,0,0,0,0.001937448,0,0.004479106,0,0,0.000875542,0,0
Bac_asv256,0,0.00035741,0,0,0,0,0,0,9.23E-05,0.005029753,0.001106603,0.005202395,0,0,0,0
Bac_asv257,0.000329087,0.000747311,0.000328826,0.000613896,0,0,0.000501086,0.000616852,0,0,0,0,0.000193306,0.002539071,0,0
Bac_asv258,0,0,0,0,0,0.002151176,0,0.00176831,0,0,0.001897033,0,0,0,0,0
Bac_asv259,0,0,0,0,0.005159406,0.005637564,0.004287066,0.005099313,0,0,0,0,0.002568209,0,0,0.002502252
Bac_asv260,0,0,0,0,0.001849598,0.002781693,0.002672457,0.005469425,0,0,0,0,0.001988291,0.003020619,0,0.00030027
Bac_asv261,0.000446617,0,0.000251456,0,0.004526649,0.002299533,0.001558933,0.001562693,0,0,0,0.000427594,0.002927206,0.001532198,0,0.004654189
Bac_asv262,0.000188049,0.001852032,0,0,0.00053541,0,0,0,0,0,0,0,0,0,0,0
Bac_asv263,0,0,0,0,0.000730105,0.001112677,0.002171371,0.002344039,0,0,0,0,0.000524688,0.00074421,0,0
Bac_asv264,0,0,0,0,0.001119494,0,0,0.000575729,0,0,0,0,0.00085607,0,0.003560558,0.001451306
Bac_asv265,0,0,0.000309484,0,0.004916038,0.003597656,0.002783809,0.003906732,0,0,0,0,0.002098752,0.003239504,0,0.006005405
Bac_asv266,0.002703211,0.004223933,0.003365636,0.002455583,0,0,0,8.22E-05,0,0.001983565,0.001264689,0,0,0,0,0
Bac_asv267,0,0,0.001083193,0.000902788,0,0,0,0,0,0,0,0,0,0.000963096,0,0
Bac_asv268,0,0,0,0,0.003309808,0.001669016,0.002227047,0.001480446,0,0,0,0,0.001546449,0.002145077,0,0.004403964
Bac_asv269,0,0,0.000618967,0.000505561,0.000292042,0,0.000278381,0.000986964,0,0,0,0,0.003203358,0,0.001378281,0.003453108
Bac_asv270,0,0,0,0,0,0,0,0,0,0,0,0,0.001546449,0,0.001952564,0
Bac_asv271,0,0,0,0,0.002725724,0,0,0,0,0,0,0,0,0,0,0
Bac_asv272,0,0,0,0,0.007787783,0.012239448,0.003785981,0.004646955,0,0,0,0,0.009969071,0,0.000459427,0.000950856
Bac_asv273,0,0,0,0,0.001119494,0,0.000501086,0,0,0,0,0,0.000386612,0,0.001378281,0.001601441
Bac_asv274,0.000376099,0,0,0,0.003163787,0.001372302,0.001503257,0.001192581,0,0,0,0.000570125,0.001933061,0.00105065,0.000516855,0.001901712
Bac_asv275,0,0,0,0,0.001800925,0.003189674,0.003953009,0.001932804,0,0,0,0,0.002954822,0,0,0.000350315
Bac_asv276,0,0,0,0,0.000730105,0.002522068,0.003730305,0.00423572,0,0,0,0,0.002264443,0.001707306,0,0
Bac_asv277,0,0,0,0,0.00413726,0.002781693,0.003229219,0.004729202,0,0,0,0,0.004142273,0,0.001722851,0.005204684
Bac_asv278,0,0,0,0,0,0,0,0,0,0,0,0,0,0,0.002239706,0.002752477
Bac_asv279,0,0.000422393,0,0,0,0,0,0,0,0.00042505,0.001422775,0.002708096,0,0,0,0
Bac_asv280,0,0,0,0,0,0.00144648,0,0,0,0,0,0,0.002292058,0,0.001550566,0
Bac_asv281,0.000141037,0,0.000328826,0.000397227,0.005159406,0.006935687,0.010244418,0.009951886,0,0.000354208,0,0,0.008118856,0.006566563,0.00103371,0.001701531
Bac_asv282,0,0,0,0,0,0.000667606,0.000501086,0.000616852,0,0,0,0,0.000469458,0,0.001665422,0.001251126
Bac_asv283,0,0,0.000889766,0.00191391,0,0,0,0,0,7.08E-05,0.000210781,7.13E-05,2.76E-05,0,0.000287142,5.00E-05
Bac_asv284,0,0,0,0,0,0,0,0.000740223,0,0.001629357,0.001580861,0,0.000386612,0.000787988,0,0.000800721
Bac_asv285,0,0,0,0,0.000292042,0,0,0.000740223,0,0,0,0,0.00171214,0.002320186,0,0.000950856
Bac_asv286,0.000352593,0.000682328,0.000135399,0,0.003017766,0.002002819,0.003396247,0.002508533,0,0.000920941,0.000526954,0,0.002927206,0.010462724,0.000401999,0.003353018
Bac_asv287,0,0,0,0,0.002579703,0,0.001336228,0,0,0,0,0,0,0,0,0
Bac_asv288,0,0,0,0,0.001752251,0.00196573,0,0,0,0,0,0,0.001242682,0,0,0
Bac_asv289,0,0,0,0,0,0,0,0,0,0,0,0,0,0,0.003043703,0
Bac_asv290,0,0,0,0,0,0,0,0,0,0.001487674,0,0.002209236,0,0,0,0
Bac_asv291,0,0,0,0,0,0,0,0,0,0.00311703,0.000790431,0.00263683,0,0,0,0
Bac_asv292,0,0,0,0,0.001654904,0.000815963,0.002115695,0.001480446,0,0,0,0,0.001242682,0,0.002986275,0
Bac_asv293,0,0,0,0,0,0,0.0011692,0,0,0,0,0,0.00096653,0.001181981,0.000459427,0.002201982
Bac_asv294,0.001198815,0.001072229,0,0,0,0,0,0,0,0,0.001001212,0.001211517,0,0,0,0
Bac_asv295,0.001198815,0.001299672,0.000348169,0.000686119,0.002774398,0.000370892,0.003229219,0.001973928,0.000461297,0,0.000210781,0,0.002264443,0.00871164,0.001607994,0.001050946
Bac_asv296,0.001457383,0.003021737,0.001431362,0.001841687,0,0,0,0,0.003505858,0,0.001528166,0.003349487,0,0.000175108,0.000631712,0.004554099
Bac_asv297,0,0,0,0,0,0,0,0,0,0,0,0.00363455,0,0,0,0
Bac_asv298,0,0,0,0,0.00107082,0.000667606,0.001336228,0.00094584,0,0,0,0,0.001408373,0,0,0
Bac_asv299,0,0,0,0,0,0,0,0,0,0,0,0,0,0.002670402,0,0
Bac_asv300,0.000540642,0.001007246,0.000348169,0.000505561,0,0,0,0,0.001291632,0.001062624,0.00137008,0.001710376,0,0,0,0
Bac_asv301,0,0,0,0,0.001703578,0.002596247,0.001113524,0.00164494,0,0,0,0,0.00353474,0.000612879,0.002411991,0.005805225
Bac_asv302,0,0,0,0,0.001849598,0.001075588,0.000890819,0.000534605,0,0,0,0,0.001380758,0,0.000287142,5.00E-05
Bac_asv303,0,0,0,0,0,0.001557748,0.00189299,0.00164494,0,0,0,0,0.001933061,0,0,0.000800721
Bac_asv304,0,0,0,0,0.002579703,0.003597656,0.002394076,0.003084262,0,0,0,0,0.002899591,0,0,0
Bac_asv305,0,0,0,0,0,0.001149766,0,0,0,0,0,0,0.000883685,0,0.002411991,0.004353919
Bac_asv306,7.05E-05,0.000227443,0.000947794,0.000613896,0,0,0,0,0,0,0,0,0,0.001882415,0,0
Bac_asv307,0.000775704,0.001169705,0,0,0.002044293,0.001038499,0.0023384,0.001398199,0,0,0,0,0.001353143,0,0.001205996,0.000650586
Bac_asv308,0,0,0,0,0.003893891,0.002373711,0.001057848,0.001521569,0,0,0,0,0.002651055,0,0.003273416,0.003453108
Bac_asv309,0,0,0,0,0.005354101,0.005192493,0.003340571,0.001110334,0,0,0,0,0.003175743,0,0,0.001050946
Bac_asv310,0,0,0,0,0.001654904,0.000927231,0.000779467,0.00164494,0,0,0,0,0.001353143,0,0,0
Bac_asv311,0,0,0,0,0.002385009,0.001669016,0.001447581,0.001521569,0,0,0,0,0,0,0,0
Bac_asv312,0,0,0,0,0.001265515,0.001817373,0,0,0,0,0,0,0.001325527,0,0,0
Bac_asv313,0,0,0,0,0.002092967,0.001780283,0.000612438,0.000781346,0,0,0,0,0,0.001751083,0.00281399,0.003102793
Bac_asv314,0.000564148,0.000584852,0.000831738,0.001733353,0,0,0,0,0,0,0,0,0,0.001707306,0,0
Bac_asv315,0,0,0,0,0,0,0,0,0,0.001133466,0.000895821,0.002280502,0,0,0,0
Bac_asv316,0,0,0,0,0,0,0,0.000287864,0,0,0,0,0,0.0021013,0,0
Bac_asv317,0,0,0,0,0.001654904,0.001780283,0,0,0.000461297,0,5.27E-05,0,0.000552303,0.000262663,0.000574284,0.001000901
Bac_asv318,0,0,0,0,0,0.00244789,0,0,0,0,0,0,0.001159837,0,0.002469419,0
Bac_asv319,0,0,0,0,0,0,0.002672457,0,0,0,0,0,0,0,0,0
Bac_asv320,0,0,0,0,0.00107082,0.001075588,0.002672457,0.001727187,0,0,0,0,0.000386612,0.001006873,0,0.000700631
Bac_asv321,0.001104791,0.001169705,5.80E-05,0.000216669,0,0,0,0,0,0,0,0,0,0,0,0
Bac_asv322,0.001104791,0.000812295,0,0,0,0,0,0,0,0,0,0,0,0,0,0
Bac_asv323,0,0.001527114,0.000348169,0,0,0,0,0,0,0,0,0,0,0,0,0
Bac_asv324,0.000235062,0,0.000116056,0,0.00267705,0.00196573,0.003006514,0.002796398,0,0,0,0,0.003672816,0.002889288,0,0
Bac_asv325,0,0,0,0,0,0,0,0.000904717,0,0,0,0,0.001297912,0,0,0
Bac_asv326,0,0,0,0,0.002287661,0,0,0.000328988,0,0,0,0,0.000745609,0,0.00034457,0
Bac_asv327,0,0,0,0,0.002725724,0.001743194,0.000556762,0.000411235,0,0,0,0,0,0,0,0
Bac_asv328,0,0,0,0,0,0,0,0,0,0,0,0,0.001601679,0.001751083,0.002699133,5.00E-05
Bac_asv329,0,0,0,0,0.002920419,0.002002819,0.001336228,0.001151458,0,0,0,0,0.001270297,0,0.001205996,0.003453108
Bac_asv330,0.001269334,0.002696819,0,0.000794453,0,0,0,0,0,0,0.002950941,0,0,0.00105065,0,0.000950856
Bac_asv331,0.001081284,0.001202196,0,0,0,0,0,0,0,0,0,0,0,0,0,0
Bac_asv332,0.00049363,0,0.000889766,0.000577784,0,0,0,0,0,0,0.001106603,0,0,0,0,0
Bac_asv333,0,0,0,0,0.001362862,0.001186856,0.001447581,0.001686063,0,0,0,0,0.001270297,0.000831765,0.001952564,0.002051847
Bac_asv334,0.000211556,0.001689573,0.000889766,0,0,0,0.000334057,0,0,0,0,0,0,0.002933065,0,0
Bac_asv335,0,0,0,0,0.002238988,0.001483569,0,0,0,0,0,0,0,0,0,0
Bac_asv336,0,0,0,0,0.001119494,0.002151176,0.001614609,0.00094584,0,0,0,0,0.001380758,0,0,0.00040036
Bac_asv337,0,0,0,0.00072223,0.001411536,0.001223945,0.000668114,0.001603816,0,0,0,0,0.000607533,0.000393994,0.002641704,0.001951757
Bac_asv338,0,0,0,0,0,0.00096432,0,0.001028087,0.00166067,0,0.000526954,0,0.00085607,0.001532198,0.001263424,0.001201081
Bac_asv339,0,0,0,0,0,0,0,0,0.001752929,0.001275149,0.000737735,0.000855188,0,0,0,0
Bac_asv340,0.000399605,0.00035741,0.000483568,0.00072223,0,0,0,0,0.001752929,0,0.000843126,0.000712657,0,0,0,0
Bac_asv341,0.000399605,0.001007246,0.000560939,0.000866676,0,0,0.001503257,0.00259078,0,0,0,0,0.001656909,0,0,0.000650586
Bac_asv342,0.000141037,0.00035741,0.000580282,0.000830565,0.001411536,0.001298123,0.000278381,0.000452358,0,0,0,0,0.001601679,0.000700433,0.000803997,0.002802522
Bac_asv343,0,0,0,0,0.00053541,0.001075588,0,0,0,0,0,0,0.001850215,0,0,0
Bac_asv344,0,0,0,0,0.001119494,0.000815963,0.000612438,0.000616852,0,0,0,0,0.001242682,0,0,0.000900811
Bac_asv345,0,0,0,0,0,0.000445071,0,0,0,0,0,0,0.001242682,0,0.000516855,0
Bac_asv346,0,0,0,0,0,0,0,0.001521569,0,0,0,0,0.001794985,0,0.001205996,0.001201081
Bac_asv347,0.00098726,0.001429639,0.000831738,0.001300014,0,0,0,0,0,0.001983565,0.000843126,0,0,0,0,0
Bac_asv348,0.00030558,0.000812295,0.002243757,0.002166691,0,0,0,0,0,0.00042505,0,0.000427594,0,0,0,0
Bac_asv349,0,0,0.000309484,0,0,0,0,0,0,0,0,0,0.001215067,0.005209473,0,0.000650586
Bac_asv350,0,0,0,0,0.000876126,0,0,0,0,0,0,0,0.001215067,0,0,0.000700631
Bac_asv351,0,0,0,0,0.000876126,0.000667606,0,0,0,0,0,0,0.001215067,0,0,0
Bac_asv352,0,0,0,0,0.001460209,0.000815963,0,0,0,0,0,0,0.001215067,0,0.001493137,0
Bac_asv353,0,0,0,0,0.004770017,0.000927231,0.001391905,0.00094584,0,0,0,0,0.001242682,0,0.001148567,0
Bac_asv354,0,0,0,0,0.001216841,0.002484979,0.0011692,0.000699099,0,0,0,0,0.001739755,0,0,0
Bac_asv355,0,0,0,0,0.000827452,0.004005638,0.001670286,0.001192581,0,0,0,0,0.00096653,0,0,0
Bac_asv356,0,0,0,0,0,0,0.002449752,0,0,0,0,0,0.000386612,0,0.00034457,0.001100991
Bac_asv357,0.002961779,0.004451376,0.001508733,0.001877799,0.00107082,0.00196573,0.001002171,0.00353662,0,0.000991782,0,0,0.001408373,0.001225758,0,0
Bac_asv358,0,0,0,0,0,0,0,0,0,0,0,0,0,0,0.002526848,0
Bac_asv359,0,0,0,0,0,0,0,0,0,0,0,0,0,0,0.001263424,0.001100991
Bac_asv360,0,0,0,0,0.000340716,0.000556339,0.000946495,0.000699099,0,0,0,0,0.000358997,0,0.000976282,0.001351216
Bac_asv361,0,0,0,0,0.001557557,0.00096432,0.000890819,0.000699099,0,0,0,0,0.001325527,0,0.003273416,0.002252027
Bac_asv362,0.001010766,0.001039737,0.000735024,0.00072223,0,0,0,0,0,0,0,0,0,0,0,0
Bac_asv363,0.000681679,0.001397147,0.000676996,0.000541673,0,0,0,0,0,0,0,0,0,0.000481548,0,0
Bac_asv364,0.00098726,0.000844787,0.000193427,0.000397227,0.001849598,0.001149766,0.001558933,0.001562693,0,0,0,0,0.001187452,0,0,0
Bac_asv365,0,0,0,0,0,0,0,0,0,0,0,0,0,0.001882415,0,0
Bac_asv366,0,0,0,0,0,0,0,0,0,0,0,0,0,0.002188854,0,0
Bac_asv367,0,0,0.000154742,0,0.002044293,0.001594837,0,0.001315952,0,0,0,0,0,0,0.004077413,0
Bac_asv368,0,0,0,0,0.002531029,0.003004228,0.000946495,0.002138422,0,0,0,0,0.001574064,0,0,0
Bac_asv369,0,0,0,0,0,0,0,0,0,0,0,0,0,0,0,0.002151937
Bac_asv370,0.001198815,0.002046983,0,0,0,0,0,0,0,0.000779258,0.000526954,0,0.000358997,0,0,0
Bac_asv371,0,0,0,0,0,0,0,0,0.00166067,0.001700198,0.001001212,0,0,0,0,0
Bac_asv372,0,0,0,0,0.000681431,0,0,0,0,0,0,0,0.001159837,0,0,0
Bac_asv373,0,0,0,0,0.002823071,0.001520659,0,0,0,0,0,0,0,0,0.000746569,0
Bac_asv374,0,0,0,0,0.002044293,0.000630517,0,0,0,0,0,0,0,0,0,0
Bac_asv375,0,0,0,0,0,0,0,0,0,0,0,0,0,0,0.002411991,0
Bac_asv376,0.000235062,0,0,0,0,0,0,0,0,0,0,0,0,0.001225758,0.002182278,0.002352117
Bac_asv377,0,0,0,0,0,0,0,0.000657976,0,0,0,0,0,0,0.000574284,0.003403063
Bac_asv378,0,0,0,0,0,0.00048216,0.000389733,0,0,0,0,0,0,0,0.001837707,0.002101892
Bac_asv379,0,0,0,0,0,0,0,0.000740223,0,0,0,0,0.000994146,0,0,0.002101892
Bac_asv380,0,0,0,0,0,0,0,0,0,0,0,0,0.000635149,0,0.000746569,0.002101892
Bac_asv381,0.000869729,0.001332164,0,0,0,0,0,0,0,0,0,0,0,0,0,0
Bac_asv382,0,0,0,0.000361115,0,0,0,0,0.001476151,0,0.00068504,0.000855188,0,0,0,0
Bac_asv383,0,0,0,0,0.001216841,0.001520659,0.001002171,0.000740223,0,0,0,0,0.001132221,0,0,0.001301171
Bac_asv384,0.00049363,0,0.000154742,0,0,0,0,0,0,0,0,0,0.001132221,0,0,0
Bac_asv385,0,0,0,0,0.002287661,0.001520659,0.000668114,0.000575729,0,0,0,0,0.001408373,0,0,0.00060054
Bac_asv386,0,0,0,0,0.001314188,0.003226764,0,0.000904717,0,0,0,0,0.001877831,0,0,0
Bac_asv387,0,0,0,0,0.000486736,0.000370892,0.000946495,0.000699099,0,0,0,0,0.000524688,0.000875542,0.002354563,0
Bac_asv388,0,0,0,0,0.000340716,0,0,0,0,0,0,0,0,0,0,0.002552297
Bac_asv389,0.001104791,0.000682328,0.000618967,0.00144446,0,0,0,0,0,0,0,0,0.000165691,0.000350217,0,0
Bac_asv390,0,0,0,0,0,0,0.001503257,0,0,0,0,0,0.001104606,0,0,0
Bac_asv391,0,0,0,0,0,0.000222535,0,0,0,0,0,0,0,0.001751083,0,0
Bac_asv392,0,0,0,0,0.000730105,0.001483569,0,0.000370111,0,0,0,0,0.001076991,0,0.002297134,0.001701531
Bac_asv393,0,0,0,0,0.000584084,0,0.000668114,0.00164494,0,0,0,0,0.000331382,0,0,0
Bac_asv394,0,0,0,0,0,0,0,0,0,0,0,0,0,0,0.001722851,0.002001802
Bac_asv395,0,0,0,0,0,0.000593428,0,0,0,0,0,0,0.000441842,0,0,0.002001802
Bac_asv396,0,0,0,0,0,0,0,0,0,0,0,0,0,0,0,0.002001802
Bac_asv397,0,0,0,0.000180558,0,0,0,0,0.001291632,0.001062624,0.000948517,0.000641391,0,0,0.000401999,0.000250225
Bac_asv398,0.000117531,0.000162459,0.00021277,0.000325004,0,0.000445071,0.000111352,0.000287864,0.005535566,0,0.002423987,0.003278221,0.001215067,0.000963096,0.001205996,0.00040036
Bac_asv399,0,0,0,0,0.001216841,0.000741785,0,0,0,0,0,0,0.001187452,0,0.000918854,0.001351216
Bac_asv400,0,0,0,0,0,0,0,0,0,0,0,0,0,0.001707306,0,0
Bac_asv401,0,0.000162459,0.000290141,0,0,0,0,0,0,0,0,0,0,0.001707306,0,0
Bac_asv402,0,0,0,0,0.001898272,0.000593428,0.001614609,0.001357075,0,0,0,0,0.001601679,0,0,0
Bac_asv403,0,0,0,0,0.000681431,0,0.000612438,0.000740223,0,0,0,0,0.000579918,0,0.002239706,0.001501351
Bac_asv404,0,0,0,0,0,0,0,0.000740223,0,0,0,0,0.000994146,0,0.002239706,0
Bac_asv405,0,0,0,0,0,0,0,0,0,0,0,0,0,0,0.002239706,0
Bac_asv406,0,0,0,0,0,0,0,0,0,0,0,0,0,0,0.002239706,0
Bac_asv407,0.00049363,0,0,0.000613896,0,0,0,0,0,0,0.002002424,0,0,0,0,0
Bac_asv408,0,0,0,0,0.000778778,0.001001409,0.000556762,0.000534605,0,0,0,0,0.001049376,0,0,0
Bac_asv409,0,0,0,0,0.000973473,0.000704695,0.000612438,0.000904717,0,0,0,0,0.001049376,0,0,0.001351216
Bac_asv410,0,0,0,0,0.000924799,0,0,0,0,0,0,0,0.000552303,0.001663529,0,0
Bac_asv411,0,0,0,0,0,0,0,0,0,0,0,0,0,0.001663529,5.74E-05,0
Bac_asv412,0.000446617,0.001299672,0.000232113,0,0.000486736,0.003671834,0.002505428,0.002960892,0,0.000495891,0,0,0.000828455,0.000262663,0,0
Bac_asv413,0,0,0,0,0.000632757,0,0,0,0,0,0,0,0,0,0.002182278,0.001000901
Bac_asv414,0,0,0,0,0,0,0,0,0,0,0,0,0,0,0.002182278,0
Bac_asv415,0,0,0,0,0,0,0,0,0,0,0,0,0.001877831,0.001444644,0.001378281,0.000700631
Bac_asv416,0,0,0,0,0,0,0,0,0,0,0,0,0,0,0.000861425,0.001151036
Bac_asv417,0.000352593,0.001494623,0.000309484,0.000866676,0.001022147,0.001075588,0,0.000616852,0,0,0,0,0.000579918,0.001969969,0.00103371,0.001201081
Bac_asv418,0.00049363,0.001202196,0,0,0,0,0,0,0,0,0.001106603,0,0,0,0,0
Bac_asv419,0.000634667,0.001852032,0.001160564,0.000830565,0,0,0,0,0.001476151,0,0,0,0,0.001400867,0,0
Bac_asv420,0.000282074,0.000389902,0.000715681,0.000361115,0.000389389,0.000333803,0.000334057,0.000328988,0,0.000283366,0,0,0,0.001006873,0.000631712,0
Bac_asv421,0.000188049,0.000227443,0,0,0,0,0,0,0.001291632,0.000637574,0.00147547,0,0,0,0,0
Bac_asv422,0,0,0,0,0.001849598,0.001223945,0.0011692,0.002138422,0,0,0,0,0.00171214,0,0,0
Bac_asv423,0,0,0,0,0.001800925,0.000407982,0.001057848,0.000657976,0,0,0,0,0,0,0,0.002051847
Bac_asv424,0,0,0,0,0.001800925,0.000815963,0,0.000575729,0,0,0,0,0.000717994,0,0,0
Bac_asv425,0,0,0,0,0.000632757,0.001372302,0,0.000534605,0,0,0,0,0,0,0,0.00050045
Bac_asv426,0,0,0,0,0,0,0,0.001521569,0,0,0,0,0.00080084,0,0,0
Bac_asv427,0,0,0,0,0.000730105,0.00048216,0.000556762,0.001110334,0,0,0,0,0.000497073,0,0.001435709,0.003152838
Bac_asv428,0.000846223,0.00071482,0.00021277,0,0,0,0,0,0,0,0,0,0,0,0,0
Bac_asv429,0.000846223,0,0.000251456,0,0,0,0,0,0.000830335,0,0.000105391,0,0,0,0,0
Bac_asv430,0.00079921,0.001397147,0.000967137,0.00144446,0,0,0,0,0,0,0.000790431,0.000641391,0,0,0,0
Bac_asv431,0,0,0.000696338,0.001155568,0,0,0,0,0,0,0,0,0,0,0,0
Bac_asv432,0.000775704,0.000454885,0.000696338,0.00046945,0,0,0,0,0,0,0,0,0,0,0,0
Bac_asv433,0.000470124,0,0.000290141,0.000650007,0,0,0,0,0.00332134,0.000283366,0,0,0,0,0.001435709,0
Bac_asv434,0,0,0,0,0,0,0,0,0,0,0,0.006556442,8.28E-05,0,0,0
Bac_asv435,0.000282074,0,0.000270798,0.00046945,0,0,0,0.000781346,0,0,0,0,0.001242682,0,0,0.001301171
Bac_asv436,0,0,0,0,0,0,0,0,0,0,0,0,0.000994146,0,0.00034457,0.00030027
Bac_asv437,0.000188049,0.00090977,0.000174085,0.001119457,0.00107082,0.000222535,0.000612438,0.000205617,0,0.00042505,0.000210781,0,0.000994146,0,0,0
Bac_asv438,0,0,0,0,0.002238988,0.001743194,0.001948667,0.001398199,0,0,0,0,0.002430134,0,0,0
Bac_asv439,0,0,0,0,0,0,0,0,0,0,0,0,0.000414227,0.002495294,0,0
Bac_asv440,0,0,0,0,0.000438063,0.000333803,0.000556762,0.00082247,0,0,0,0,0,0.002276409,0,0.002652387
Bac_asv441,0.000258568,0.000454885,0.000560939,0.000938899,0,0,0,0,0,0,0,0,0,0.001575975,0,0.001501351
Bac_asv442,0,0.000292426,9.67E-05,0,0.001995619,0.002781693,0.003173543,0.001562693,0.000276778,0,0,0,0.001408373,0.00481548,0.004479412,0.001100991
Bac_asv443,0,0,0,0,0.000778778,0,0.001614609,0.001973928,0,0,0,0,0.001104606,0.001575975,0,0
Bac_asv444,0,0,0,0,0.000438063,0,0,0.000287864,0,0,0,0,0.000331382,0,0.001320852,0.001651486
Bac_asv445,0,0,0,0,0.000632757,0,0.000890819,0,0,0,0,0,0.000524688,0,0.000803997,0.001100991
Bac_asv446,0,0,0,0,0,0,0,0,0,0,0,0,0,0,0.001205996,0.001801621
Bac_asv447,0.000822716,0,0,0,0,0,0,0,0,0,0,0,0,0,0,0
Bac_asv448,0,0.001137213,0.000483568,0,0,0,0,0,0,0,0,0,0,0,0,0
Bac_asv449,0,0,0,0,0,0,0,0,0,0.001487674,0,0.000997719,0,0,0,0
Bac_asv450,0.000399605,0.000584852,0.000116056,0,0.001654904,0.000741785,0.000668114,0.000534605,0,0,0,0.000285063,0.001491218,0.00240774,0.00068914,0.000450405
Bac_asv451,0.000423111,0,0.00063831,0,0,0,0,0,0,0,0,0,0,0.003020619,0,0
Bac_asv452,0,0,0,0,0,0.001298123,0.001113524,0.000657976,0,0,0,0,0.000773224,0,0,0.001151036
Bac_asv453,0,0,0,0,0.001654904,0.001112677,0.001948667,0.002385163,0,0,0,0,0.001104606,0,0,0.001501351
Bac_asv454,0,0,0,0,0.002433682,0.001706105,0.001113524,0.000863593,0,0,0,0,0.001491218,0,0.000861425,0.001601441
Bac_asv455,0,0,0,0,0.00107082,0,0,0,0,0,0,0,0.000745609,0,0,0.001751576
Bac_asv456,0.000916741,0.00090977,0.000270798,0,0,0,0.000167029,0,0,0,0,0,0.000497073,0,0,0
Bac_asv457,0.00030558,0.000454885,9.67E-05,0,0,0,0,0,0.002029708,0,0.000632344,0,0,0,0,0
Bac_asv458,0.000235062,0,0,0,0,0,0,0,0,0.00134599,0.000737735,0.001068985,0,0,0,0
Bac_asv459,0,0,0,0,0,0.000853052,0.000556762,0,0,0,0,0,0.000938915,0,0.000976282,0.001301171
Bac_asv460,0,0,0,0,0,0.000445071,0.000556762,0,0,0,0,0,0.000938915,0,0,0
Bac_asv461,0,0,0,0,0.000730105,0.00048216,0.001002171,0,0,0,0,0,0.000938915,0,0,0.001701531
Bac_asv462,0.000376099,0,0.000135399,0,0.001800925,0.001669016,0.001391905,0,0,0,0.000474258,0,0.001877831,0,0.002469419,0.002151937
Bac_asv463,0,0,0,0,0,0,0,0,0,0,0,0,0,0.001488421,0,0
Bac_asv464,0.000188049,0.001137213,0.001160564,0.000577784,0,0.000296714,0,0,0.000830335,0,0,0.000285063,0,0.002801734,0,0
Bac_asv465,0.000940247,0.000324918,0.000889766,0.000144446,0,0,0.000167029,0,0,0,0.001001212,0,0,0.001488421,0,0
Bac_asv466,0,0,0,0,0.001265515,0.001261034,0,0,0,0,0,0,0.000469458,0,0,0
Bac_asv467,0,0,0,0,0.000438063,0.001261034,0,0,0,0,0,0,0.000358997,0,0,0
Bac_asv468,0,0,0,0,0,0.000593428,0,0,0,0,0,0,0.000441842,0,0,0.001701531
Bac_asv469,0,0,0,0,0,0.000185446,0,0.000246741,0,0,0,0,0,0,0.000746569,0.001701531
Bac_asv470,0,0.000389902,0.000812395,0.000650007,0,0,0,0,0,0,0,0,0,0,0,0
Bac_asv471,0,0.000162459,0.000444883,0.00119168,0,0,0,0,0,0,0,0,0,0,0,0
Bac_asv472,0,0,0,0,0,0,0,0,0,0,0,0,0,0.004903034,0,0
Bac_asv473,0,0,0,0,0.00160623,0.001075588,0.000278381,0.000452358,0,0,0,0,0.000828455,0,0.000631712,0
Bac_asv474,0,0.00035741,0,0,0.001362862,0.001223945,0,0,0,0,0,0,0,0,0,0
Bac_asv475,0,0,0,0,0,0,0.001837314,0.001274828,0,0,0,0,0.000883685,0,0,0
Bac_asv476,7.05E-05,0,0,0,0.001995619,0.001557748,0.0035076,0.004646955,0,0,0,0,0.000883685,0,0,0
Bac_asv477,0,0,0,0,0,0,0.001391905,0.001357075,0,0,0,0,0.00080084,0,0,0
Bac_asv478,0,0.000584852,0,0.000108335,0,0,0.001837314,0.000986964,0,0,0,0.000213797,0.000220921,0.002320186,0,0.001651486
Bac_asv479,0,0,0,0,0,0.000370892,0,0,0,0,0,0,0,0,0,0.001651486
Bac_asv480,0.001715951,0.001949508,0.000986479,0.001986133,0,0,0,0,0,0,0,0,0,0,0,0
Bac_asv481,0,0,0,0,0,0,0,0,0,0,0.003319808,0,0,0,0,0
Bac_asv482,0,0,0,0,0.000827452,0.000519249,0,0,0,0,0,0,0.000883685,0,0,0
Bac_asv483,0,0,0,0,0,0,0,0,0,0,0,0,0.000883685,0,0,0
Bac_asv484,0,0,0,0,0,0,0.000167029,0.000246741,0,0,0,0,0.001021761,0.002539071,0.000229713,0
Bac_asv485,0,0,0,0,0,0,0,0,0,0,0,0,0,0.001400867,0,0
Bac_asv486,0,0,0,0,0,0.001372302,0,0.001315952,0,0,0,0,0,0.001400867,0,0
Bac_asv487,0,0,0,0,0.002287661,0,0.00189299,0.001809434,0,0,0,0,0.001242682,0,0.000918854,0
Bac_asv488,0,0,0.000251456,0,0,0.000519249,0,0,0,0,0,0,0,0.001269536,0,0.001601441
Bac_asv489,0.000705185,0.001007246,0.000174085,0,0,0,0,0,0,0,0.000210781,0,0,0,0,0
Bac_asv490,0.000540642,0.001007246,0,0.00046945,0,0,0,0,0,0,0,0,0,0,0,0
Bac_asv491,0,0,0,0,0,0,0,0,0,0,0,0,0.00085607,0,0,0
Bac_asv492,0,0,0,0,0.000973473,0,0,0.000493482,0,0,0,0,0.00085607,0,0,0.00030027
Bac_asv493,0,0,0,0,0.001411536,0.000667606,0,0.001069211,0,0,0,0,0.00085607,0,0,0.00050045
Bac_asv494,0,0,0,0,0,0,0,0,0,0,0,0,0,0.00135709,0,0.00050045
Bac_asv495,0,0,0,0,0,0,0,0,0,0,0,0,0,0.00135709,0,0
Bac_asv496,0,0,0,0,0.001508883,0.00244789,0.001224876,0.001480446,0,0,0,0,0.000276152,0,0,0
Bac_asv497,0,0,0,0,0,0.002076997,0,0.001028087,0,0,0,0,0.001049376,0,0,0
Bac_asv498,0,0,0,0,0,0.000445071,0.000501086,0.001274828,0,0,0,0,0.000745609,0.001006873,0.001780279,0.001751576
Bac_asv499,0,0,0,0,0,0,0,0,0,0,0,0,0,0,0.000746569,0.000900811
Bac_asv500,0,0,0,0,0.00053541,0.000333803,0,0.00012337,0,0,0,0,0.000303767,0,0.00034457,0.001251126
Bac_asv501,0.000705185,0.000974754,0.000464226,0.000433338,0,0.000519249,0,0,0,0,0,0,0.000662764,0,0,0
Bac_asv502,0.000705185,0.000682328,0.000328826,0,0,0,0,0,0,0,0,0,0,0,0,0
Bac_asv503,0,0,0.000580282,0,0,0,0,0,0,0,0,0,0,0,0,0
Bac_asv504,0,0,0.000580282,0,0,0.000148357,0,0,0,0,0,0.001710376,0,0,0,0
Bac_asv505,0.000446617,0,0,0,0,0,0,0,0,0.002125248,0.000474258,0,0.000524688,0,0,0.001401261
Bac_asv506,0,0,0,0,0,0,0.000835143,0,0,0,0,0,0.000994146,0,0.000746569,0.001251126
Bac_asv507,0,0,0,0,0,0,0,0,0,0,0,0,0.000828455,0,0,0
Bac_asv508,0,0,0,0,0.001362862,0.000519249,0.001447581,0.002344039,0,0,0,0.001425314,0.002457749,0,0.000401999,0.00040036
Bac_asv509,0,0,0,0,0.002092967,0.001112677,0.000890819,0.001439322,0,0,0,0,0.002181597,0.003239504,0.001320852,0.00040036
Bac_asv510,0,0,0,0,0.000973473,0,0.001447581,0,0,0,0,0,0,0.002276409,0,0
Bac_asv511,0,0,0,0,0.000924799,0.000890142,0.001057848,0.001233705,0,0,0,0,2.76E-05,0,0,0
Bac_asv512,0,0,0,0,0.002433682,0.001557748,0.000445409,0.002056175,0,0,0,0,0.001435988,0,0,0
Bac_asv513,0,0,0,0,0,0.001186856,0,0,0,0,0,0,0.000386612,0,0.002756561,0
Bac_asv514,0,0,0,0,0,0,0,0,0,0,0,0,0,0.000569102,0,0.001501351
Bac_asv515,0.000681679,0,0,0,0,0,0,0,0,0,0.001053907,0,0,0,0,0
Bac_asv516,0.000587655,0.000942262,0.000290141,0,0.000438063,0.000185446,0.000779467,0.000452358,0.001845189,0,0.00147547,0,0.000331382,0,0,0
Bac_asv517,0.000611161,0.000942262,0,0,0,0,0,0,0,0,0,0,0,0.000525325,0,0
Bac_asv518,0,0,0,0,0.001898272,0.000593428,0.000668114,0.000534605,0,0.000212525,0.001686252,0.000641391,0.001353143,0.002451517,0.002986275,0.001151036
Bac_asv519,0.000211556,0,0,0.000216669,0.000924799,0.001038499,0.00072379,0,0,0.000708416,0.000421563,0,0.00080084,0,0,0
Bac_asv520,0,0,0,0,0,0,0,0,0,0,0,0,0.00080084,0,0,0.000450405
Bac_asv521,0,0,0,0,0.000632757,0.000556339,0,0,0,0,0,0,0.002126367,0,0,0.000650586
Bac_asv522,0,0,0,0,0,0,0.000612438,0,0,0,0,0,0.00080084,0,0,0
Bac_asv523,0,0,0,0,0.000876126,0.000630517,0.00072379,0.000246741,0,0,0,0,0.001325527,0,0.000631712,0
Bac_asv524,0,0,0,0,0.000827452,0.001149766,0.0011692,0.000452358,0,0,0,0,0.000358997,0.001269536,0,0
Bac_asv525,0,0,0,0,0.000632757,0.000370892,0,0.000452358,0,0,0,0,0.000331382,0.001269536,0.000574284,0.000550495
Bac_asv526,0,0,0,0,0.001411536,0.001335213,0,0.001192581,0,0,0,0,0.000828455,0,5.74E-05,0
Bac_asv527,7.05E-05,0,0,0,0,0,0,0,0,0,0,0,0,0.000875542,0.001665422,0.001050946
Bac_asv528,0,0,0,0,0,0,0,0,0,0,0,0,0,0,0.000803997,0.001451306
Bac_asv529,0,0,0,0,0.000730105,0.000667606,0.00072379,0,0,0,0,0,0.001049376,0,0,0
Bac_asv530,0,0,0,0,0.000632757,0.00096432,0.001391905,0.001891681,0,0,0,0,0.000773224,0,0,0.00020018
Bac_asv531,0,0,0,0.000325004,0.001654904,0.000815963,0.000668114,0,0.000553557,0,0,0,0.000773224,0,0,0
Bac_asv532,0,0,0,0,0,0,0,0.000699099,0,0,0,0,0.000773224,0,0.000516855,0
Bac_asv533,0,0,0,0,0.00321246,0.0024108,0.002004343,0.002261792,0,0,0,0,0.000773224,0,0,0
Bac_asv534,0,0,0,0,0,0.00096432,0.001391905,0,0,0,0,0,0.000773224,0,0,0
Bac_asv535,0,0,0,0,0.000924799,0.000593428,0.000835143,0,0,0,0,0,0.000773224,0,0.00068914,0.001351216
Bac_asv536,0,0,0,0,0.00107082,0,0.001447581,0.001069211,0,0,0,0,0.00096653,0,0,0
Bac_asv537,0,0,0,0,0,0,0.000445409,0,0,0,0,0,0,0.001400867,0,0.001000901
Bac_asv538,0,0,0,0,0,0,0,0,0,0,0,0,0,0.001225758,0,0
Bac_asv539,0,0,0,0,0.001362862,0,0,0,0,0,0,0,0,0,0,0
Bac_asv540,0,0,0,0,0,0.00144648,0.001002171,0,0,0,0,0,0.000690379,0,0,0.000550495
Bac_asv541,0,0,0.000154742,0,0,0.000667606,0.001558933,0,0,0,0,0,0.000331382,0.000569102,0,0.000650586
Bac_asv542,0,0,0,0,0,0,0,0,0,0,0,0,0,0,0,0.001401261
Bac_asv543,0.000634667,0.00071482,0.000270798,0,0,0,0,0,0,0,0,0,0,0,0,0
Bac_asv544,0.000634667,0.001429639,0,0,0,0,0,0,0,0,0,0,0,0,0,0
Bac_asv545,0.000517136,0.001007246,0.000232113,0.000397227,0,0,0,0,0,0,0,0,0,0,0,0
Bac_asv546,0.000399605,0.000649836,0.000696338,0.000433338,0,0,0,0,0,0,0,0,0,0,0,0
Bac_asv547,0,0,0,0,0,0,0,0,0,0.000354208,0.000737735,0,0,0,0,0.000650586
Bac_asv548,0,0,0.000174085,0,0,0.000445071,0,0,0,0,0,0,0.000745609,0,0,0
Bac_asv549,0,0,0,0,0,0.000815963,0,0,0,0,0,0,0.000745609,0.001663529,0.000287142,0
Bac_asv550,0,0,0,0,0.000876126,0.000704695,0,0,0,0,0,0,0.000745609,0,0,0
Bac_asv551,0,0,0,0,0.000486736,0.000778874,0,0.000616852,0,0,0,0,0.000745609,0.000919319,0,0
Bac_asv552,0,0,0,0,0.001022147,0.00048216,0.0011692,0.00082247,0,0,0,0,0.001049376,0,0,0
Bac_asv553,0,0,0,0,0,0.000407982,0,0,0,0,0,0,0.000745609,0,0,0
Bac_asv554,0,0,0,0,0,0.000407982,0,0,0,0,0,0,0,0.001313313,0,0
Bac_asv555,0,0,0,0,0,0,0.000111352,0,0,0,0,0,0,0.001181981,0,0.000350315
Bac_asv556,0,0,0,0,0,0,0,0,0,0,0,0,0.000358997,0.001181981,0,0
Bac_asv557,0,0,0,0,0.00321246,0.001631926,0.001057848,0,0,0,0,0,0.000717994,0,0,0
Bac_asv558,0,0,0,0,0,0,0.001503257,0,0,0,0,0,0.00096653,0,0,0
Bac_asv559,0,0,0,0,0,0,0.001503257,0,0,0,0,0,0,0,0,0
Bac_asv560,0,0,0,0,0,0.000630517,0,0.001110334,0,0,0,0,0,0,0,0
Bac_asv561,0,0,0,0,0,0,0,0,0,0,0,0,0,0,0,0.001351216
Bac_asv562,0,0,0,0,0.000584084,0.000445071,0,0,0,0,0,0,0,0,0,0.001351216
Bac_asv563,0,0,0,0,0,0.000741785,0.001057848,0,0,0,0,0,0.000441842,0,0,0.002452207
Bac_asv564,0,0,0,0,0,0,0,0,0,0,0,0,0,0,0,0.001351216
Bac_asv565,0,0,0,0,0,0.000333803,0,0,0,0,0,0,0.000607533,0,0,0.001351216
Bac_asv566,0.00098726,0.000779803,0.000386855,0.000433338,0,0,0,0,0,0.001275149,0.000737735,0,0,0,0,0
Bac_asv567,0.000611161,0.000584852,0.000309484,0.000433338,0,0,0,0,0,0.000779258,0,0,0,0,0,0
Bac_asv568,0.000540642,0.000844787,0,0,0,0,0,0,0,0,0,0,0,0,0,0
Bac_asv569,0.000188049,0.000844787,0.000367512,0,0,0,0,0,0,0,0.000158086,0,0,0,0,0
Bac_asv570,0.000540642,0.000649836,0.000502911,0.000361115,0,0,0,0,0.002306486,0,0.000474258,0.001211517,0,0.000612879,0,0
Bac_asv571,0.000587655,0.000649836,0.001373334,0.000938899,0,0,0,0,0,0,0,0,0,0.000393994,0,0
Bac_asv572,0,0,0,0,0,0,0,0,0.001383892,0.000850099,0.000737735,0,0,0,0,0
Bac_asv573,0,0,0,0,0,0,0,0,0,0,0.001317384,0.001852908,0,0,0,0
Bac_asv574,0,0,0,0,0.000681431,0,0,0,0,0,0,0,0.000883685,0,0,0
Bac_asv575,0,0,0,0,0,0,0,0.000534605,0,0,0,0,0.000717994,0,0,0
Bac_asv576,0.00030558,0,0,0,0.002725724,0.001743194,0.001224876,0.000657976,0,0,0,0,0.001574064,0,0,0.000750676
Bac_asv577,0,0,0,0,0.000438063,0.000333803,0,0,0,0,0,0,0.000358997,0.001138204,0,0
Bac_asv578,0,0,0,0,0.001265515,0.000519249,0.000668114,0.000575729,0,0,0,0,0.000607533,0.00030644,0,0
Bac_asv579,0,0,0,0,0,0,0,0,0,0,0,0,0,0,0.001493137,0
Bac_asv580,0,0,0,0,0.000486736,0.000148357,0,0.000205617,0,0,0,0,0.000883685,0,0,0.001751576
Bac_asv581,0,0,0,0,0.000389389,0,0,0.000534605,0,0,0,0,0.000331382,0,0,0.001301171
Bac_asv582,0.000564148,0.000812295,0,0,0,0,0,0,0,0,0,0,0,0,0,0
Bac_asv583,0,0,0,0,0,0,0,0,0.001476151,0.001700198,0,0.003278221,0,0,0,0
Bac_asv584,0,0,0,0,0,0,0,0,0,0,0,0,0.000690379,0,0,0.000950856
Bac_asv585,0,0,0,0,0,0,0,0,0,0,0,0,0,0.001094427,0,0
Bac_asv586,0,0,0,0,0,0,0.001391905,0,0,0,0,0,0,0,0,0
Bac_asv587,0,0,0,0,0,0,0,0.001028087,0,0,0,0,0,0,0,0
Bac_asv588,0.000352593,0.000649836,0,0.000180558,0.000194695,0.001298123,0.001002171,0.001398199,0,0,0,0,0,0,0,0
Bac_asv589,0,0,0,0,0.001849598,0.00096432,0,0.001028087,0,0,0,0,0.000386612,0,0,0.000800721
Bac_asv590,0,0,0,0,0,0,0,0,0,0,0,0,0,0,0.001895136,0
Bac_asv591,0,0,0,0,0,0,0,0,0,0,0,0,0,0,0.001435709,0
Bac_asv592,0,0,0,0,0,0.000815963,0.000612438,0,0,0,0,0,0,0,0,0.001901712
Bac_asv593,0,0.000617344,0,0,0,0,0.000890819,0.000493482,0,0,0,0,0,0,0,0.001251126
Bac_asv594,0.000634667,0.001039737,0.000464226,0.000758342,0,0,0,0,0,0,0.001106603,0,0,0,0,0
Bac_asv595,0.000634667,0,0.000483568,0.001372237,0,0.000667606,0.001113524,0,0.002860042,0,0.000843126,0,0.001049376,0.000131331,0,0
Bac_asv596,0,0,0.000193427,0.000397227,0,0,0,0,0,0,0.001264689,0,0,0,0,0
Bac_asv597,0,0,0,0,0,0.000593428,0.001057848,0.000657976,0,0,0,0,0.000662764,0.000612879,0,0.000800721
Bac_asv598,0,0,0,0,0.000340716,0.000445071,0,0,0,0,0,0,0.000662764,0,0.00034457,0.00040036
Bac_asv599,0,0,0,0,0.000681431,0.000630517,0.000890819,0.00094584,0,0,0,0,0.000662764,0,0,0
Bac_asv600,0,0,0,0,0.001168167,0.000741785,0.001002171,0.00094584,0,0,0,0,0.000441842,0,0,0
Bac_asv601,0,0,0,0,0.001168167,0,0,0.000287864,0,0,0,0,0,0,0,0
Bac_asv602,0,0,0,0,0,0,0,0.000986964,0,0,0,0,0,0,0,0
Bac_asv603,0,0,0,0,0,0,0,0.000986964,0,0,0,0,0,0,0,0
Bac_asv604,0,0,0,0,0,0.000259625,0,0,0,0,0,0,0.000358997,0,0.001378281,0
Bac_asv605,0,0,0,0,0,0.000259625,0,0.000287864,0,0,0,0,0,0,0.00034457,0.000900811
Bac_asv606,0,0,0,0,0,0,0,0,0,0,0,0,0,0,0,0.001201081
Bac_asv607,0,0,0,0,0,0,0,0,0,0,0,0,0,0,0.00103371,0.001201081
Bac_asv608,0.000540642,0.000584852,0.000348169,0.000541673,0,0,0,0,0,0,0,0,0,0,0,0
Bac_asv609,0.002115556,0.002924262,0.000560939,0,0.001849598,0.000630517,0.0011692,0.000493482,0,0.001487674,0.001001212,0.00049886,0.000883685,0.000262663,0,0.000250225
Bac_asv610,9.40E-05,0.000292426,0,0,0,0,0,0,0,0.000495891,0.000790431,0.001140251,0,0,0,0.000750676
Bac_asv611,0,0,0,0,0,0,0,0,0,0,0.001211993,0,0,0,0,0
Bac_asv612,0,0,0,0,0,0,0,0,0,0,0.001211993,0,0,0,0,0
Bac_asv613,0,0,0,0,0,0,0,0,0,0,0.001106603,0.001710376,0,0,0,0
Bac_asv614,0,0,0,0,0.000584084,0,0,0,0,0.000283366,0,0,0.000635149,0,0,0
Bac_asv615,0,0,0,0,0,0.000370892,0,0,0,0,0,0,0,0.002539071,0.00068914,0
Bac_asv616,0,0,0,0,0.002774398,0.001669016,0,0,0,0,0,0,0.001380758,0,0,0
Bac_asv617,0,0,0,0,0.001119494,0.000853052,0,0,0,0,0,0,0.000579918,0,0.000574284,0.00040036
Bac_asv618,0.000258568,0.000292426,0.000232113,0,0,0.000593428,0.000946495,0.00164494,0,0,0,0,0.000635149,0,0,0
Bac_asv619,0,0,0,0,0.000973473,0,0.000779467,0.00094584,0,0,0,0,0.000386612,0.000656656,0,0
Bac_asv620,0,0,0,0,0,0,0,0.000370111,0,0,0,0,0.000469458,0,0,0.001851666
Bac_asv621,0,0,0,0,0,0,0,0,0,0,0,0,0,0,0,0.001151036
Bac_asv622,0,0,0,0,0,0,0,0,0,0,0,0,0,0,0.00103371,0.001151036
Bac_asv623,0,0,0,0,0,0,0.000334057,0.000411235,0,0,0,0,0.000552303,0,0,0.001151036
Bac_asv624,0.000258568,0,0.00042554,0.000361115,0,0,0,0,0,0,0,0,0,0,0,0
Bac_asv625,0.000282074,0.00035741,0.00042554,0.000397227,0,0,0,0,0,0,0,0,0,0,0,0
Bac_asv626,0,0,0.000232113,0,0,0,0,0,0,0,0.001897033,0,0,0,0,0
Bac_asv627,0,0,0,0,0,0,0,0,0,0,0.000948517,0.001567845,0,0,0,0
Bac_asv628,0,0,0,0,0,0.000445071,0.000890819,0.000411235,0,0,0,0,0.000607533,0,0.000861425,0
Bac_asv629,0,0,0,0,0.000438063,0.000370892,0,0,0,0,0,0,0.000607533,0,0,0.00010009
Bac_asv630,0,0,0,0,0,0.000630517,0,0.000287864,0,0,0,0,0.000607533,0,0.000631712,0.000550495
Bac_asv631,0,0,0,0,0,0.000445071,0,0,0,0,0,0,0,0.000963096,0,0.00060054
Bac_asv632,0,0,0,0,0,0,0,0,0,0,0,0,0,0.000963096,0,0
Bac_asv633,0,0,0,0,0,0,0.000334057,0,0,0,0,0,0,0.000963096,0,0
Bac_asv634,0,0,0,0,0,0.000333803,0.001113524,0.000904717,0,0,0,0,0,0,0,0
Bac_asv635,0,0,0,0,0,0.000630517,0,0.000287864,0,0,0,0,0.000579918,0,0.001263424,0.000700631
Bac_asv636,0,0,0,0,0,0,0,0,0,0,0,0,0,0,0.001263424,0
Bac_asv637,0,0,0,0,0,0.000667606,0,0,0,0,0,0,0.000552303,0,0.001263424,0.000750676
Bac_asv638,0,0,0,0,0,0,0,0,0,0,0,0,0,0,0.001263424,0
Bac_asv639,0,0,0,0,0,0,0,0,0,0,0,0,0,0,0,0.001100991
Bac_asv640,0,0,0,0,0,0.000148357,0,0,0,0,0,0,0.000552303,0,0,0.001100991
Bac_asv641,0.00049363,0.000454885,0,0,0,0,0,0,0,0,0,0,0,0,0,0
Bac_asv642,0.000470124,0.000682328,0,0,0,0,0,0,0,0,0,0,0,0,0,0
Bac_asv643,0.000423111,0.000682328,0,0,0,0,0,0,0,0,0,0,0,0,0,0
Bac_asv644,0,0,0,0,0,0,0,0,0,0.001487674,0,0,0,0,0,0
Bac_asv645,0,0.000292426,0,0,0.000973473,0.000333803,0,0,0,0.000708416,0.000316172,0.000783922,0.000497073,0,0,0
Bac_asv646,0.000258568,0.000552361,0,0.000794453,0,0,0,0,0,0.000637574,0.000632344,0,0,0,0,0
Bac_asv647,0,0,0.000193427,0.000288892,0,0.000222535,0,0,0,0.001700198,0.000790431,0,0.000441842,0,0,0
Bac_asv648,0,0,0,0,0,0,0,0,0,0,0,0,0.000579918,0,0,0
Bac_asv649,0,0,0,0,0,0.000370892,0.000501086,0,0,0,0,0,0.000579918,0,0,0
Bac_asv650,0,0,0,0,0,0.000815963,0,0,0,0,0,0,0.000579918,0,0,0
Bac_asv651,0,0,0,0,0.000486736,0.000630517,0,0.000205617,0,0,0,0,0.000745609,0,0,0
Bac_asv652,0,0,0,0,0,0.000593428,0,0,0,0,0,0,0.000579918,0,0,0
Bac_asv653,0,0,0,0,0.000243368,0.000407982,0.000222705,0.000205617,0,0,0,0,0.000579918,0,0,0
Bac_asv654,0,0,0,0,0.001022147,0,0,0,0,0,0,0,0,0,0,0
Bac_asv655,0,0,0,0,0.001022147,0.000593428,0,0,0,0,0,0,0,0,0,0
Bac_asv656,0,0,0,0,0,0,0.001057848,0.000863593,0,0,0,0,0,0.000131331,0,0
Bac_asv657,0,0,0,0,0,0,0,0.000863593,0,0,0,0,0.000497073,0,0,0
Bac_asv658,0,0,0,0,0,0,0,0,0,0,0,0,0,0,0.001205996,0
Bac_asv659,0,0,0,0,0,0,0,0.000287864,0,0,0,0,0,0,0.002411991,0.001951757
Bac_asv660,0,0,0,0,0.000681431,0,0,0,0,0,0,0,0,0,0.001205996,0
Bac_asv661,0.000470124,0.000552361,0,0,0,0,0,0,0,0,0,0,0,0,0,0
Bac_asv662,0.000470124,0.000552361,0.000309484,0.000433338,0,0,0,0,0,0,0,0,0,0,0,0
Bac_asv663,0.000470124,0,0,0,0,0,0,0,0,0,0,0,0,0,0,0
Bac_asv664,0,0,0,0,0.000778778,0,0,0,0,0,0,0,0.000552303,0,0,0
Bac_asv665,0,0,0,0,0,0,0,0,0,0,0,0,0.000552303,0,0,0
Bac_asv666,0,0,0,0,0,0,0.000779467,0,0,0,0,0,0.000552303,0,0,0
Bac_asv667,0,0,0,0,0.000292042,0.000185446,0,0.000740223,0,0,0,0,0.000828455,0,0.00068914,0.00040036
Bac_asv668,0,0,0,0,0,0,0,0,0,0,0,0,0.000552303,0,0.000459427,0
Bac_asv669,0,0,0,0,0,0,0,0,0,0,0,0,0,0.000875542,0,0
Bac_asv670,0,0,0,0,0,0,0,0,0,0,0,0.000997719,0,0.000875542,0,0
Bac_asv671,0,0,0,0,0.000243368,0,0,8.22E-05,0,0,0,0,0,0.002188854,0,0
Bac_asv672,0,0,0,0,0.000681431,0.000741785,0.000556762,0.00082247,0,0,0,0,0.000524688,0,0,0
Bac_asv673,0,0,0,0,0.000584084,0.001001409,0.000835143,0.00082247,0,0,0,0,0.000662764,0,0,0
Bac_asv674,0,0,0,0,0.000486736,0.000741785,0,0,0,0.00042505,0,0.000712657,0.000635149,0,0.000114857,0
Bac_asv675,0,0,0,0,0,0.000185446,0.001391905,0.000986964,0,0,0,0,0,0,0,0
Bac_asv676,0,0,0,0,0,0,0.001113524,0.00082247,0,0,0,0,0.000386612,0,0,0
Bac_asv677,0,0,0,0,0,0.000667606,0.000890819,0.00082247,0,0,0,0,0.000331382,0,0,0
Bac_asv678,0,0,0,0,0,0.000333803,0.000668114,0.001151458,0,0,0,0,0,0,0,0.000550495
Bac_asv679,0,0,0,0,0,0,0,0,0,0,0,0,0,0,0.001148567,0
Bac_asv680,0,0,0,0,0.000924799,0.00048216,0,0,0,0,0,0,0.000193306,0,0.001607994,0.00050045
Bac_asv681,0.000446617,0,0,0,0,0,0.000612438,0.000370111,0,0,0,0,0.000358997,0,0,0
Bac_asv682,0.000446617,0.000552361,0,0.000180558,0,0,0,0,0,0,0,0,0,0,0,0
Bac_asv683,0.000399605,0.000617344,0,0,0,0,0,0,0,0,0,0,0,0,0,0
Bac_asv684,0,0.000617344,0,0,0,0,0,0,0,0,0,0,0,0,0,0
Bac_asv685,0,0.000617344,0,0,0,0,0,0,0,0,0,0,0,0,0,0
Bac_asv686,0,0,0.000367512,0.000613896,0,0,0,0,0,0,0,0,0,0,0,0
Bac_asv687,0,0,0.000270798,0.000686119,0,0,0,0,0,0,0,0,0,0,0,0
Bac_asv688,0,0,0,0,0,0,0,0,0,0.000212525,0,0.001140251,0,0,0,0
Bac_asv689,0,0,0,0,0.000389389,0.00048216,0,0,0,0,0,0,0.000524688,0,0,0
Bac_asv690,0,0,0,0,0.00053541,0,0,0.000246741,0,0,0,0,0.000773224,0,0,5.00E-05
Bac_asv691,0,0,0,0,0.000924799,0.00048216,0,0.000493482,0,0,0,0,0,0,0,0
Bac_asv692,0,0,0,0,0.000924799,0.000370892,0.000222705,0,0,0,0,0,0.000469458,0,0,0.00040036
Bac_asv693,0,0,0,0,0.000827452,0.000704695,0,0,0,0,0,0,0,0,0.000401999,0.00060054
Bac_asv694,0,0,0,0,0,0,0.001057848,0,0,0,0,0,0,0,0,0
Bac_asv695,0,0,0,0,0,0,0,0,0,0,0,0,0,0,0.001091139,0
Bac_asv696,0.000423111,0,0,0,0,0,0,0,0,0,0,0,0,0,0,0
Bac_asv697,0.000423111,0.000259934,0.000251456,0.000397227,0,0,0,0,0,0.000850099,0,0.001140251,0,0,0,0
Bac_asv698,0,0.000194951,0,0,0,0,0,0,0,0,0.000948517,0.000712657,0,0,0,0
Bac_asv699,0,0,0,0,0,0,0,0,0,0,0,0,0.000497073,0,0,0
Bac_asv700,0,0,0,0,0.000681431,0.000556339,0,0,0,0,0,0,0.000497073,0,0.000574284,0
Bac_asv701,0,0,0,0,0,0,0.000890819,0.000328988,0,0,0,0,0.000497073,0,0.000401999,0
Bac_asv702,0,0,0,0,0,0,0,0,0,0,0,0,0.000497073,0,0,0
Bac_asv703,0,0,0,0,0,0,0,0,0,0,0,0,0.000497073,0,0,0
Bac_asv704,0,0,0,0,0.000924799,0.000593428,0,0,0,0,0,0,0.001159837,0,0,0
Bac_asv705,0,0,0,0,0.000194695,0.001001409,0,0,0,0,0,0,0.000497073,0,0,0
Bac_asv706,0,0,0,0,0,0,0,0,0,0,0,0,0,0.000787988,0,0
Bac_asv707,0,0,0,0,0,0,0,0,0,0,0,0,0.000276152,0.000787988,0,0
Bac_asv708,0,0,0,0,0,0,0,0,0,0,0,0,0,0.000787988,0,0
Bac_asv709,0,0,0,0,0.000876126,0.000519249,0.001113524,0.000699099,0,0,0,0,0.000662764,0,0,0
Bac_asv710,0,0,0,0,0.000876126,0.000407982,0,0,0,0,0,0,0,0,0,0
Bac_asv711,0,0,0,0,0,0.000667606,0,0,0,0,0,0,0,0,0,0.000650586
Bac_asv712,0,0,0,0,0.00053541,0.000667606,0,0,0,0,0,0,0,0,0,0
Bac_asv713,0,0,0,0,0.000827452,0,0.000501086,0,0,0,0,0,0.000414227,0,0,0.000900811
Bac_asv714,0,0,0,0,0,0,0,0,0,0,0,0,0.000220921,0,0.000861425,0.000900811
Bac_asv715,0.000399605,0,0,0,0,0,0,0,0,0,0,0,0,0,0,0
Bac_asv716,0.000399605,0.00035741,7.74E-05,0,0,0,0,0,0,0,0,0,0,0,0,0
Bac_asv717,0,0.000552361,0,0,0,0,0,0,0,0,0,0,0,0,0,0
Bac_asv718,0.000329087,0.000227443,0.000328826,0.000325004,0,0,0,0,0,0,0,0,0,0,0,0
Bac_asv719,0,0,0.000328826,0,0,0,0,0,0,0,0,0,0.000248536,0.00030644,0,0
Bac_asv720,0,0,0,0.000613896,0,0,0,0,0,0,0,0,8.28E-05,0.00030644,0,0
Bac_asv721,0,0,0,0,0,0.000333803,0,0,0,0,0,0,0.000469458,0,0,0
Bac_asv722,0,0,0,0,0,0,0.000779467,0.000411235,0,0,0,0,0.000469458,0,0,0
Bac_asv723,0,0,0,0,0.000730105,0,0,0.000370111,0,0,0,0,0.000635149,0,0.000746569,0.00040036
Bac_asv724,0,0,0,0,0,0,0,0,0,0,0,0,0.000248536,0.001313313,0,0
Bac_asv725,0,0,0,0,0.000438063,0,0,0,0,0,0,0,0.000414227,0.00074421,0,0
Bac_asv726,0,0,0,0,0.001119494,0.000890142,0.000389733,0.000370111,0,0,0,0,0.000441842,0,0,0
Bac_asv727,0,0,0,0,0.000827452,0,0,0,0,0,0,0,0,0,0,0
Bac_asv728,0,0,0,0,0,0.000630517,0,0.000699099,0,0,0,0,0,0,0.000401999,0.00040036
Bac_asv729,0,0,0,0,0,0,0.000946495,0,0,0,0,0,0,0,0,0
Bac_asv730,0,0,0,0,0.000584084,0,0.000946495,0.000616852,0,0,0,0,0,0,0,0
Bac_asv731,0,0,0,0,0,0,0.000946495,0,0,0,0,0,0,0,0.000976282,0.000650586
Bac_asv732,0,0,0,0,0,0,0.000946495,0,0,0,0,0,0,0,0,0.00010009
Bac_asv733,0,0,0,0,0,0,0.000334057,0.000699099,0,0,0,0,0,0,0,0
Bac_asv734,0.000376099,0.000292426,0.000154742,0,0,0,0,0,0,0,0.000526954,0,0,0,0,0
Bac_asv735,0.000211556,0,0.000309484,0.000397227,0.00053541,0,0,0,0,0,0,0.000641391,0.000138076,0,0,0
Bac_asv736,0,0,0.000367512,0.000830565,0,0,0,0,0.000645816,0,0.000474258,0,0,0,0,0
Bac_asv737,0,0,0.000174085,0,0,0,0,0,0.001014854,0,0.000843126,0,0,0,0,0
Bac_asv738,0.000235062,0.000422393,0,0,0,0,0,0,0.000553557,0.000495891,0.000526954,0.001567845,0,0,0,0
Bac_asv739,0,0,0,0,0.000632757,0,0,0.000246741,0,0,0,0,0.000441842,0,0,0
Bac_asv740,0.000188049,0.000292426,0,0,0.000292042,0,0,0,0,0,0,0,0.000662764,0.00030644,0,0
Bac_asv741,4.70E-05,0,0,0,0.000486736,0.000148357,0.00072379,0.00082247,0,0,0,0,0.001104606,0,0,0
Bac_asv742,0,0,0,0,0.000438063,0.000148357,0,0,0,0,0,0,0.000441842,0,0.000459427,0.00030027
Bac_asv743,0,0,0,0,0,0.000407982,0,0,0,0,0,0,0.000441842,0,0,0
Bac_asv744,0,0,0,0,0.000438063,3.71E-05,0.000334057,0.000657976,0,0,0,0.000142531,0.000441842,0,0,0
Bac_asv745,0,0,0,0,0,0,0,0.000534605,0,0,0,0,0.000441842,0,0,0
Bac_asv746,0,0,0,0,0,0,0,0,0,0,0,0,0.000441842,0,0.000287142,0
Bac_asv747,0,0,0,0,0,0,0,0,0,0,0,0,0,0.000700433,0,0
Bac_asv748,0,0,0,0,0,0,0,0,0,0,0,0,0,0.000700433,0,0
Bac_asv749,0,0,0,0,0,0,0,0,0,0,0,0,0,0.000700433,0,0
Bac_asv750,0,0,0,0,0,0.000593428,0,0,0,0,0,0,0,0,0,0
Bac_asv751,0,0,0,0,0.000340716,0,0,0.000657976,0,0,0,0,0.000386612,0,0,0
Bac_asv752,0,0,0,0,0,0.000407982,0,0.000657976,0,0,0,0,0,0,0,0.000150135
Bac_asv753,0,0,0,0,0,0,0,0,0,0,0,0,0,0,0.000918854,0
Bac_asv754,0,0,0,0,0,0,0,0,0,0,0,0,0,0,0,0.000800721
Bac_asv755,0,0,0,0,0,0,0,0,0,0,0,0,0,0,0.000516855,0.000800721
Bac_asv756,0,0,0,0,0.000292042,0.000185446,0.000389733,0.000493482,0,0,0,0,0,0.000437771,0,0.000950856
Bac_asv757,0,0,0.000290141,0,0,0,0,0,0,0,0,0,0,0,0,0
Bac_asv758,0.000211556,0,0.000290141,0,0,0,0,0,0,0,0,0,0,0.000525325,0,0
Bac_asv759,0.000235062,0.000259934,0.000290141,0.000325004,0,0,0,0,0,0.000354208,0.000737735,0,0,0,0,0
Bac_asv760,0,0,0,0,0,0,0,0,0.001383892,0,0,0.000712657,0,0,0,0
Bac_asv761,0,0,0,0,0,0,0,0.000575729,0,0,0,0,0.000414227,0.00030644,0,0
Bac_asv762,0,0,0,0,0.001168167,0.000556339,0,0.000246741,0,0,0,0,0.000414227,0,0,0.000700631
Bac_asv763,0,0,0,0,0,0,0.000445409,0,0,0,0,0,0.000579918,0,0,0.00060054
Bac_asv764,0,0,0,0,0,0,0,0,0,0,0,0,0.000414227,0,0,0
Bac_asv765,0,0,0,0,0.000730105,0.000296714,0.000334057,0.000205617,0,0,0,0,0.000414227,0,0,0
Bac_asv766,0,0,0,0,0,0,0,0,0,0,0,0,0.000414227,0,0.000746569,0
Bac_asv767,0,0,0,0,0,0,0,0,0,0,0,0,0,0.000656656,0,0
Bac_asv768,0,0,0,0,0,0,0,0,0,0,0,0,0,0.000656656,0,0
Bac_asv769,0,0,0.000116056,0.000361115,0.000730105,0,0,0,0,0.000283366,0,0,0,0,0,0
Bac_asv770,0,0,0,0,0.000730105,0.000778874,0,0,0,0,0,0,0.000276152,0,0,0
Bac_asv771,0,0,0,0,0,0.000556339,0,0,0,0,0,0,0,0,0,0
Bac_asv772,0,0,0,0,0,0.000556339,0,0,0,0,0,0,0,0,0,0
Bac_asv773,0,0,3.87E-05,0,0,0,0.000835143,0.000616852,0,0,0,0,0.000303767,0,0,0
Bac_asv774,0,0,0,0,0.000243368,0,0.000835143,0.000575729,0,0,0,0,0,0,0,0
Bac_asv775,0,0,0,0,0,0.000111268,0.000612438,0.000616852,0,0,0,0,0,0,0,0
Bac_asv776,0.000188049,0,0,0,0,0,0,0.000616852,0,0,0,0,0,0,0,0
Bac_asv777,0,0,0,0,0,0,0,0.000616852,0,0,0,0,0,0,0,0
Bac_asv778,0,0,0,0,0,7.42E-05,0,0.000164494,0,0,0,0,0.000552303,0,0.000861425,0
Bac_asv779,0,0,0,0,0,0.000407982,0,0,0,0,0,0,0,0,0.000861425,0.00060054
Bac_asv780,0,0,0,0,0,0.000407982,0,0,0,0,0,0,0,0,0,0.000750676
Bac_asv781,0,0,0,0,0,0,0,0,0,0,0,0,0,0,0.000287142,0.000750676
Bac_asv782,0,0,0,0,0,0,0,0,0,0,0,0,0,0,0,0.000750676
Bac_asv783,0.000211556,0.000454885,0,0,0,0.000148357,0,0.000575729,0,0,0,0,0,0,0,0
Bac_asv784,0.000235062,0.000454885,0,0,0,0,0,0,0.000461297,0,0,0,0,0,0,0
Bac_asv785,0.000188049,0.000227443,0,0.000505561,0,0,0,0,0,0.00042505,0,0,0,0,0,0
Bac_asv786,0,0.000259934,0,0,0,0,0,0,0,0,0.000737735,0,0,0,0,0
Bac_asv787,0,0,0,0,0,0,0,0,0,0,0,0.000997719,0,0,0,0
Bac_asv788,7.05E-05,0.000162459,0,0.000288892,0,0,0,0,0,0,0.000474258,0.000997719,0,0,0,0
Bac_asv789,0,0,0,0,0.000438063,0.000445071,0.000556762,0,0,0,0,0,0.000386612,0.000437771,0,0
Bac_asv790,0,0,0,0,0.000243368,0.000667606,0.000389733,0.000164494,0,0,0,0,0.000552303,0,0,0
Bac_asv791,0,0,0,0,0,0,0,0.000452358,0,0,0,0,0.000386612,0,0,0
Bac_asv792,0.000329087,0.000844787,0,0,0.000340716,0,0,0,0,0,0,0,0.000386612,0,0,0
Bac_asv793,0,0,0,0,0,0,0,0,0,0,0,0,0,0.000612879,0,0
Bac_asv794,0,0,0,0,0,0,0,0,0,0,0,0,0,0.000612879,0,0
Bac_asv795,0.000423111,0,0,0,0,0,0,0,0,0,0,0,0,0.000612879,0,0
Bac_asv796,0,0,0,0,0,0,0,0,0,0,0,0,0,0.000612879,0,0
Bac_asv797,0,0,0,0,0,0,0,0,0,0,0,0,0,0.000612879,0,0.000250225
Bac_asv798,0,0,0,0,0,0,0,0,0,0,0,0,0,0.000612879,0,0
Bac_asv799,0,0,0,0,0.000681431,0.000222535,0,0,0,0,0,0,0.000303767,0,0,0
Bac_asv800,0,0,0,0,0.001119494,0.000370892,0.000556762,0.001891681,0,0,0,0,0.000276152,0,0,0.000550495
Bac_asv801,0,0,0,0,0.000681431,0,0,0,0,0,0,0,0,0,0,0
Bac_asv802,0,0,0,0,0,0.000519249,0,0,0,0,0,0,0,0,0,0
Bac_asv803,0,0,0,0,0.000584084,0.000519249,0,0,0,0,0,0,0,0,0,0
Bac_asv804,0,0,0,0,0,0.000853052,0,0.000287864,0,0,0,0,0.000276152,0,0,0
Bac_asv805,0,0,0,0,0,0,0.000779467,0,0,0,0,0,0,0,0,0
Bac_asv806,0,0,0,0,0,0,0.000779467,0,0,0,0,0,0,0,0,0
Bac_asv807,0,0,0,0,0,0,0,0,0,0,0,0,0,0,0.000803997,0
Bac_asv808,0,0,0,0,0,0,0,0,0,0,0,0,0,0,0.000803997,0
Bac_asv809,0,0,0,0,0,0,0,0,0,0,0,0,0,0,0.000803997,0
Bac_asv810,0,0,0,0,0.000340716,0.000593428,0,0,0,0,0,0,0,0,0,0.000700631
Bac_asv811,0,0,0,0,0,0,0,0,0,0,0,0,0,0,0,0.000700631
Bac_asv812,0,9.75E-05,0,0,0.000340716,0,0,0.000452358,0,0,0,0.000356328,0,0,0,0.000700631
Bac_asv813,0,0,0,0,0.000438063,0,0,0,0,0,0,0,0,0,0,0.000700631
Bac_asv814,0.00030558,0,0,0,0,0,0,0,0,0,0,0,0,0.000437771,0,0
Bac_asv815,0,0.000422393,0,0,0,0,0,0,0,0,0,0,0,0,0,0
Bac_asv816,0,0,0.000251456,0.000252781,0,0,0,0,0,0,0,0,0,0,0,0
Bac_asv817,0,0,0,0,0.000486736,0.000407982,0,0.000370111,0,0,0,0,0.000358997,0,0,0
Bac_asv818,0,0,0,0,0,0,0,0,0,0,0,0,0.000358997,0,0,0
Bac_asv819,0,0,0,0,0.000486736,0.000259625,0,0,0,0,0,0,0.000358997,0,0,0
Bac_asv820,0,0,0,0,0,0,0,0,0,0,0,0,0.000358997,0,0,0
Bac_asv821,0,0,0,0,0,0.000296714,0,0,0,0,0,0,0.000662764,0,0,0
Bac_asv822,0,0,0,0,0,0,0,0,0,0,0,0,0.000635149,0.000481548,0,0
Bac_asv823,0,0,0,0,0,0.00048216,0.000278381,0.000452358,0,0,0,0,0.000358997,0,0,0
Bac_asv824,0,0,0,0,0,0,0,0,0,0,0,0,0.000414227,0,0,0
Bac_asv825,0,0,0,0,0,0,0,0,0,0,0,0,0,0.000569102,0,0
Bac_asv826,0,0,0,0,0.000632757,0.000333803,0,0,0,0,0,0,0.000220921,0,0,0
Bac_asv827,0,0,0,0,0.000146021,0.00048216,0,0,0,0,0,0,0.000110461,0,0,0
Bac_asv828,0,0,0,0,0.000584084,0.00048216,0,0.000411235,0,0,0,0,0,0,0,0
Bac_asv829,0,0,0,0,0.000389389,0.000815963,0,0.000493482,0,0,0,0,0.000414227,0,0,0
Bac_asv830,0,0,0,0,0.00053541,0.00048216,0,0,0,0,0,0,0.000303767,0,0,0
Bac_asv831,0,0,0,0,0,0,0.00072379,0,0,0,0,0,0,0,0,0
Bac_asv832,0,0,0,0,0,0,0,0,0,0,0,0,0,0,0.001263424,0
Bac_asv833,0,0,0,0,0,0,0,0,0.000645816,0,0,0,0.000165691,0.000612879,0.000746569,0.00050045
Bac_asv834,9.40E-05,0,0,0,0,0,0,0,0,0,0,0,0,0,0,0.000650586
Bac_asv835,0.000282074,0,0,0,0,0,0,0,0,0,0,0,0,0,0,0
Bac_asv836,0.000188049,0.000389902,0.000174085,0.000325004,0,0,0,0,0,0,0,0,0,0,0,0
Bac_asv837,0,0,0,0,0,0,0,0,0,0.000850099,0,0,0,0,0,0
Bac_asv838,0.000258568,0,0,0,0,0,0,0,0,0,0,0.000855188,0,0,0,0
Bac_asv839,0,0,0,0,0,0,0,0,0,0,0,0.000855188,0,0,0,0
Bac_asv840,0,0,0,0,0,0,0,0,0,0,0.000316172,0.000855188,0.000193306,0,0,0
Bac_asv841,0,0,0,0,0,0.000259625,0,0,0,0,0,0,0.000331382,0,0,0
Bac_asv842,0,0,0,0,0,0,0.000389733,0.000246741,0,0,0,0,0.000331382,0,0,0
Bac_asv843,0,0,0,0,0.00053541,0.000222535,0.000445409,0.000328988,0,0,0,0,0.000331382,0.000131331,0,0
Bac_asv844,0,0,0,0,0,0,0,0,0,0,0,0,0.000331382,0,0,0
Bac_asv845,0,0,0,0,0,0,0,0,0,0,0,0,0.000331382,0,0,0
Bac_asv846,0,0,0,0,0,0,0,0,0,0,0,0,0.000331382,0.000481548,0,0
Bac_asv847,0,0,0,0,0,0.000259625,0,0,0,0,0,0,0.000331382,0,0,0
Bac_asv848,0,0,0,0,0,0,0,0,0,0,0,0,0.000331382,0,0,0
Bac_asv849,0,0,0,0,0.000243368,0.000148357,0,0.000246741,0,0,0,0,0.000331382,0,0,0
Bac_asv850,0,0,0,0,0,0,0,0,0,0,0,0,0.000331382,0,0,0.000350315
Bac_asv851,0,0,0,0,0,0,0,0,0,0,0,0,0,0.000525325,0,0
Bac_asv852,0,0,0,0,0,0,0.000334057,0.000328988,0,0,0,0,0,0.000525325,0,0.00030027
Bac_asv853,0,0,0,0,0.000584084,0,0,0,0,0,0,0,0,0,0,0
Bac_asv854,0,6.50E-05,0,0,0.000584084,0,0,0,0,0,0,0,0,0,0,0
Bac_asv855,0,0,0,0,0,0.000445071,0,0,0,0,0,0,0.000303767,0,0,0
Bac_asv856,0,0,0,0,0,0.000445071,0,0.000287864,0,0,0,0,0.000110461,0,0,0
Bac_asv857,0,0,0,0,0,0.000445071,0,0,0,0,0,0,0.000276152,0,0,0
Bac_asv858,0,0,0,0,0,0.000445071,0,0,0,0,0,0,0,0,0,0
Bac_asv859,0,0,0,0,0,0.000185446,0.000668114,0.000370111,0,0,0,0,0.000303767,0,0,0
Bac_asv860,0,0,0,0,0,0,0.000668114,0.000328988,0,0,0,0,0,0,0,0
Bac_asv861,0,0,0,0,0,0,0.000668114,0.000411235,0,0,0,0,0,0,0,0
Bac_asv862,0,0,0,0,0,0,0,0.000493482,0,0,0,0,0,0,0,0
Bac_asv863,0,0,0,0,0,0,0,0.000493482,0,0,0,0,0,0,0,0
Bac_asv864,0,0,0,0,0,0,0,0.000493482,0,0,0,0,0.000386612,0,0,0
Bac_asv865,0,0,0,0,0.000730105,0.000185446,0.000501086,0.000904717,0,0,0,0,0.000276152,0,0.000516855,0.000900811
Bac_asv866,0,0,0,0,0,0,0,0,0,0,0,0,0,0,0.00068914,0
Bac_asv867,0,0,0,0,0,0,0,0,0,0,0,0,0,0,0.00068914,0
Bac_asv868,0,0,0,0,0,0,0,0,0,0,0,0,0,0,0.000861425,0.000250225
Bac_asv869,0,0,0,0,0,0,0,0,0,0,0,0,0,0,0,0.00060054
Bac_asv870,0,0,0,0,0,0.000259625,0,0,0,0,0,0,0.000110461,0,0,0.00060054
Bac_asv871,0,0,0,0,0,0,0,0,0,0,0,0,0,0,0,0.00060054
Bac_asv872,0.000258568,0,0,0,0,0,0,0,0,0,0,0,0,0,0,0
Bac_asv873,0.000258568,0.000162459,0.000135399,0,0,0,0,0,0,0,0,0,0,0,0,0
Bac_asv874,0.000258568,0,0,0,0,0,0,0,0,0,0,0,0,0,0,0
Bac_asv875,0.000188049,0.00035741,0,0,0,0,0.000501086,0,0,0,0,0,0,0.000262663,0,0
Bac_asv876,0,0,0,0,0,0,0,0,0,0,0.000579649,0,0,0,0,0
Bac_asv877,0,0,0,0,0,0,0,0,0.000922594,0,0,0.000783922,0,0,0,0
Bac_asv878,0,0,0,0,0,0.000222535,0.000222705,0,0,0,0,0,0.000303767,0,0,0
Bac_asv879,0,0,0,0,0,0,0,0.000164494,0,0,0,0,0.000303767,0,0,0
Bac_asv880,0,0,0,0,0,0,0,0,0,0,0,0,0.000303767,0,0,0
Bac_asv881,0,0,0,0,0,0,0,0,0,0,0,0,0.000303767,0,0,0
Bac_asv882,0,0,0,0,0.000389389,0,0,0,0,0,0,0,0.000469458,0,0,0
Bac_asv883,0,0,0,0,0,0.000185446,0,0,0,0,0,0,0.000303767,0,0,0
Bac_asv884,0,0,0,0,0,0,0,0,0,0,0,0,0.000303767,0,0,0
Bac_asv885,0,0,0,0,0,0,0,0.000164494,0,0,0,0,0.000303767,0,0,0
Bac_asv886,0,0,0,0,0,0,0,0,0,0,0,0,0.000303767,0,0,0
Bac_asv887,0,0,0,0,0,0,0,0,0,0,0,0,0.000303767,0,0,0
Bac_asv888,0,0,0,0,0,0.000148357,0,0.000164494,0,0,0,0,0,0.000481548,0,0
Bac_asv889,0,0,0,0,0,0,0,0,0,0,0,0,0,0.000481548,0,0.00040036
Bac_asv890,0,0,0,0,0.00053541,0,0,0,0,0,0,0,0,0,0,0
Bac_asv891,0,0,0,0,0,0.000407982,0,0,0,0,0,0,0.000276152,0,0,0
Bac_asv892,0,0,0,0,0,0,0.000612438,0,0,0,0,0,0,0,0,0
Bac_asv893,0,0,0,0,0,0,0,0.000452358,0,0,0,0,0,0,0,0
Bac_asv894,0,0,0,0,0,0,0,0.000452358,0,0,0,0,0,0,0,0
Bac_asv895,0,0,0,0,0,0,0,0,0,0,0,0,0,0,0.000631712,0
Bac_asv896,0,0,0,0,0,0,0,0,0,0,0,0,0,0,0,0.000550495
Bac_asv897,0,0,0,0,0,0,0,0,0,0,0,0,0,0,0,0.000550495
Bac_asv898,0.000235062,0.000194951,0.000116056,0,0,0,0,0,0,0,0,0,0,0,0,0
Bac_asv899,0.000235062,0,0,0,0,0,0,0,0,0,0,0,0,0,0,0
Bac_asv900,0,0,0,0.000361115,0,0,0,0,0,0,0,0,0,0,0,0
Bac_asv901,0,0,0,0,0,0,0,0,0,0.000708416,0,0,0,0,0,0
Bac_asv902,0,0,0,0,0,0,0,0,0,0,0,0,0.000276152,0,0,0
Bac_asv903,0,0,0,0,0.000438063,0,0,0,0,0,0,0,0.000276152,0,0,0
Bac_asv904,0,0,0,0,0.000243368,0,0,0,0,0,0,0,0.000276152,0,0,0
Bac_asv905,0,0,0,0,0,0,0,0,0,0,0,0,0.000276152,0,0,0
Bac_asv906,0,0,0,0,0,0.000296714,0,0,0,0,0,0,0.000276152,0,0,0
Bac_asv907,0,0,0,0,0,0,0,0,0,0,0,0,0.000497073,0,0,0
Bac_asv908,0,0,0,0,0,0,0,0,0,0,0,0,0.000276152,0,0,0
Bac_asv909,0,0,0,0,0,0,0,0,0,0,0,0,0.000276152,0,0,0
Bac_asv910,0,0,0,0,0,0,0,0,0,0,0,0,0,0.000437771,0,0
Bac_asv911,0,0,0,0,0,0,0,0,0,0,0,0,0,0.000437771,0,0
Bac_asv912,0,0,0,0,0.000486736,0.000111268,0,0,0,0,0,0,0,0,0,0
Bac_asv913,0,0,0,0,0.000486736,0,0,0,0,0,0,0,0.000193306,0,0,0
Bac_asv914,0,0,0,0,0.000486736,0,0,0,0,0,0,0,0,0,0,0
Bac_asv915,0,0,0,0,0.000486736,0,0,0,0,0,0,0,0,0,0,0
Bac_asv916,0,0,0,0,0,0.000370892,0,0,0,0,0,0,0,0,0,0
Bac_asv917,0,0,0,0,0,0.000370892,0,0,0,0,0,0,0.000248536,0,0,0
Bac_asv918,0,0,0,0,0,0.000370892,0,0,0,0,0,0,0,0,0,0
Bac_asv919,0,0,0,0,0,0,0.000556762,0,0,0,0,0,0,0,0,0
Bac_asv920,0,0,0,0,0,0.000185446,0.000556762,0,0,0,0,0,0,0,0,0
Bac_asv921,0.000141037,0.000259934,0,0,0.000292042,0,0.000890819,0.00082247,0,0,0,0,0,0,0,0
Bac_asv922,0,0,0,0,0,0,0,0.000411235,0,0,0,0,0,0,0,0
Bac_asv923,0,0,0,0,0,0,0,0.000411235,0,0,0,0,0,0,0,0
Bac_asv924,0,0,0,0,0,0,0,0.000411235,0,0,0,0,0,0,0,0
Bac_asv925,0,0,0,0,0,0,0.000445409,0.000411235,0,0,0,0,0,0,0,0
Bac_asv926,0,0,0,0,0,0,0,0.000411235,0,0,0,0,0,0,0,0
Bac_asv927,0,0,0,0,0.000438063,0.000185446,0,0.000411235,0,0,0,0,0,0.000393994,0,0
Bac_asv928,0,0,0,0,0,0,0,0,0,0,0,0,0,0,0.000574284,0
Bac_asv929,0,0,0,0,0,0,0,0,0,0,0,0,0,0,0.000574284,0
Bac_asv930,0,0,0,0,0,0,0,0,0,0,0,0,0,0,0.000574284,0
Bac_asv931,0,0,0,0,0,0,0,0,0,0,0,0,0,0,0.000574284,0
Bac_asv932,0.000211556,0,0,0,0,0,0,0,0,0,0,0,0,0,0,0
Bac_asv933,9.40E-05,0.000292426,0,0,0,0,0,0,0,0,0,0,0,0.000350217,0,0
Bac_asv934,0,0.000292426,0,0,0,0,0,0,0,0,0,0,0,0,0,0
Bac_asv935,0,0,0.000174085,0,0,0,0,0,0,0,0,0,0,0,0,0
Bac_asv936,0,0,0.000174085,0,0,0,0,0,0,0,0,0,0,0,0,0
Bac_asv937,0,0,0,0.000325004,0,0,0.000278381,0,0,0,0,0,0,0,0,0
Bac_asv938,0,0,0,0.000325004,0,0,0,0,0,0,0,7.13E-05,0,0,5.74E-05,0
Bac_asv939,0,0,0,0,0,0,0,0,0.000369038,0.000283366,5.27E-05,0,0,0,0,0
Bac_asv940,0,0,0,0,0,0,0,0,0,0,0,0,0.000248536,0,0,0
Bac_asv941,0,0,0,0,0.000243368,0.000259625,0.000445409,0,0,0,0,0,0.000248536,0,0,0
Bac_asv942,0,0,0,0,0,0,0,0,0,0,0,0,0.000248536,0,0,0
Bac_asv943,0,0,0,0,0,0,0,0,0,0,0,0,0.000248536,0,0,0
Bac_asv944,0,0,0,0,0,0,0,0,0,0,0,0,0.000248536,0,0,0
Bac_asv945,0,0,0,0,0,0.000333803,0.000445409,0,0,0,0,0,0.000303767,0,0.00034457,0.00030027
Bac_asv946,0,0,0,0,0,0,0.000111352,0,0,0,0,0,0.000248536,0,0,0
Bac_asv947,0,0,0,0,0,0,0,0,0,0,0,0,0.000248536,0,0,0.000350315
Bac_asv948,0,0,0,0,0,0,0,0,0,0,0,0,0.000248536,0,0,0
Bac_asv949,0,0,0,0,0.000438063,0,0,0,0,0,0,0,0.000165691,0,0,0
Bac_asv950,0,0,0,0,0.000438063,0,0,0,0,0,0,0,0.000220921,0,0,0
Bac_asv951,0,0,0,0,0.000438063,0,0,0,0,0,0,0,0,0,0,0
Bac_asv952,0,0,0,0,0,0.000333803,0,0,0,0,0,0,0,0,0,0
Bac_asv953,0,0,0,0,0.000292042,0.000333803,0,0,0,0,0,0,0,0,0,0
Bac_asv954,0,0,0,0,0.000438063,0,0.000501086,0.000287864,0,0,0,0,0,0,0,0
Bac_asv955,0,0,0,0,0,0,0.000501086,0,0,0,0,0,0,0,0,0
Bac_asv956,0,0,0,0,0.000243368,0.000259625,0.000668114,0,0,0,0,0,0.000193306,0,0,0
Bac_asv957,0,0,0,0,0,0,0.000501086,0,0,0,0,0,0,0,0,0
Bac_asv958,0,0,0,0,0,0,0.000501086,0,0,0,0,0,0,0,0,0.000150135
Bac_asv959,0,0,0,0,0,0,0,0.000370111,0,0,0,0,0,0,0,0
Bac_asv960,0,0,0,0,0,0,0,0.000370111,0,0,0,0,0,0,0,0
Bac_asv961,0,0,0,0,0,0,0,0.000370111,0,0,0,0,0,0,0,0
Bac_asv962,0,0,0,0,0,0,0,0,0,0,0,0,0,0,0.000516855,0
Bac_asv963,0,0,0,0,0,0,0,0,0,0,0,0,0,0,0.000516855,0
Bac_asv964,0,0,0,0,0,0,0,0,0,0,0,0,0,0,0,0.000450405
Bac_asv965,0.000188049,0,0,0,0,0,0,0,0,0,0,0,0,0,0,0
Bac_asv966,0.000117531,0,0.000290141,0,0,0,0,0,0,0,0.000421563,0,0,0,0,0
Bac_asv967,0,0,0.000154742,0,0,0,0,0,0,0,0,0,0,0,0,0
Bac_asv968,0,0,0,0,0,0.000111268,0,0,0.000738075,0,0,0,0,0,0,0
Bac_asv969,0.000141037,0,0.000116056,0,0,0,0,0,0.000738075,0.000566733,0.000421563,0,0,0,0,0
Bac_asv970,0,0,0,0,0,0,0,0,0,0,0,0.000570125,0,0,0,0
Bac_asv971,0,0,0,0,0,0,0,0,0,0,0,0.000570125,0,0,0,0
Bac_asv972,0,0,0,0,0,0,0,0,0,0,0,0,0.000220921,0,0,0
Bac_asv973,0,0,0,0,0,0,0,0,0,0,0,0,0.000220921,0,0,0
Bac_asv974,0,0,0,0,0,0,0,0,0,0,0,0,0.000220921,0,0,0
Bac_asv975,0,0,0,0,0,0,0,0,0,0,0,0,0.000220921,0,0,0
Bac_asv976,0,0,0,0.000144446,0,0,0,0,0,0,0,0,0.000220921,0,0,0
Bac_asv977,0,0,0,0,0,0,0,0,0,0,0,0,0.000220921,0,0,0
Bac_asv978,0,0,0,0,0,0,0,0,0,0,0,0,0.000220921,0,0,0
Bac_asv979,0,0,0,0,0,0,0,0,0,0,0,0,0,0.000350217,0,0
Bac_asv980,0,0,0,0,0,0,0,0,0,0,0,0,0,0.000350217,0,0
Bac_asv981,0,0,0,0,0.000681431,0,0,0,0,0,0,0,0,0,0,0
Bac_asv982,0,0,0,0,0.000389389,0,0,0,0,0,0,0,0.000138076,0.00030644,0,0
Bac_asv983,0,0,0,0,0,0.000296714,0.000278381,0.000328988,0,0,0,0,0,0,0,0
Bac_asv984,0,0,0,0,0,0.000296714,0,0,0,0,0,0,0,0,0,0
Bac_asv985,0,0,0,0,0,0.000222535,0.000111352,0.000328988,0,0,0,0,0,0,0,0
Bac_asv986,0,0,0,0,0,0,0,0.000328988,0,0,0,0,0,0,0,0
Bac_asv987,0,0,0,0,0,3.71E-05,0,0.000328988,0,0,0,0,0,0,0,0
Bac_asv988,0,0,0,0,0,0,0,0,0,0,0,0,0,0,0.000803997,0
Bac_asv989,0,0,0,0,0,0,0,0,0,0,0,0,0,0,0.000459427,0
Bac_asv990,0,0,0,0,0,0,0,0,0,0,0,0,0,0,0.000459427,0
Bac_asv991,0,0,0,0,0,0,0,0,0,0,0,0,0,0,0.00034457,0.00040036
Bac_asv992,0,0,0,0,0,0,0,0,0,0,0,0,0,0,0,0.00040036
Bac_asv993,0,0,0,0,0,0,0,0,0,0,0,0,0,0,0,0.00040036
Bac_asv994,0.000164543,0,0.000135399,0.000108335,0,0,0,0,0,0,0,0,0,0,0,0
Bac_asv995,0.000164543,0,0,0,0,0,0,0,0,0,0,0,0,0,0,0
Bac_asv996,0,0.000227443,0,0,0,0,0,0,0,0,0,0,0,0,0,0
Bac_asv997,0,0,0,0.000252781,0,0,0,0,0,0,0,0,0,0,0,0
Bac_asv998,0,0,0,0,0,0,0,0,0.000645816,0,0,0,0,0,0,0
Bac_asv999,0,0,0,0,0,0,0,0,0,0.000495891,0,0,0,0,0,0
Bac_asv1000,0,0,0,0,0,0.000185446,0,0,0,0,0,0,0.000193306,0,0,0
Bac_asv1001,0,0,0,0,0.000243368,0,0,0,0,0,0,0,0.000193306,0,0,0
Bac_asv1002,9.40E-05,0,0,0,0,0,0,0,0.000276778,0,0,0,0.000193306,0,0,0
Bac_asv1003,0,0,0,0,0,0,0,4.11E-05,0,0,0,0,0.000193306,0,0,0
Bac_asv1004,0,0,0,0,0.000292042,0,0,0,0,0,0,0,0.000193306,0,0,0
Bac_asv1005,0,0,0,0,0,0,0,0,0,0,0,0,0,0.00030644,0,0
Bac_asv1006,0,0,0,0,0,0,0,0,0,0,0,0,0,0.00030644,0,0
Bac_asv1007,0,0,0,0,0,0,0,0,0,0,0,0,0,0.00030644,0,0
Bac_asv1008,0,0,0,0,0,0,0,0,0,0,0,0,0,0.00030644,0,0
Bac_asv1009,0,0,0,0,0,0,0,0,0,0,0,0,0,0.00030644,0,0
Bac_asv1010,0,0,0,0,0.000340716,0,0,0,0,0,0,0,0,0,0,0
Bac_asv1011,0,0,0,0,0.000340716,0,0,0,0,0,0,0,0,0,0,0.000350315
Bac_asv1012,0,0,0,0,0.000340716,0,0,0,0,0,0,0,0,0,0,0
Bac_asv1013,0,0,0,0,0.000194695,0.000259625,0,0.00012337,0,0,0,0,0.000165691,0,0,0
Bac_asv1014,0,0,0,0,0,0.000259625,0,0,0,0,0,0,0,0,0,0
Bac_asv1015,0,0,0,0,0,7.42E-05,0.000389733,0,0,0,0,0,0,0,0,0
Bac_asv1016,0,0,0,0,0.000146021,0,0,0.000287864,0,0,0,0,0.000138076,0,0,0
Bac_asv1017,0,0,0,0,0,0,0.000222705,0.000287864,0,0,0,0,0,0,0,0
Bac_asv1018,0,0,0,0,0,0,0,0.000287864,0,0,0,0,0,0,0,0
Bac_asv1019,0,0,0,0,0,0,0,0.000287864,0,0,0,0,0,0,0,0
Bac_asv1020,0,0,0,0,0,0,0,0,0,0,0,0,0,0,0.000401999,0
Bac_asv1021,0,0,0,0,0,0,0,0,0,0,0,0,0,0,0.000401999,0
Bac_asv1022,0,0,0,0,0,0,0,0,0,0,0,0,0,0,0.000401999,0
Bac_asv1023,0,0,0,0,0,0,0,0,0,0,0,0,0,0,0.000401999,0
Bac_asv1024,0,0,0,0,0,0,0,0,0,0,0,0,0,0,0,0.000350315
Bac_asv1025,0,0,0,0,0,0,0,0,0,0,0,0,0,0,0,0.000350315
Bac_asv1026,0.000141037,0,0,0,0,0,0,0,0,0,0,0.000213797,0,0,0,0
Bac_asv1027,0.000141037,0,0,0,0,0,0,0,0,0,0,0,0,0,0,0
Bac_asv1028,0.000141037,0,0,0,0,0,0,0,0,0,0,0,0,0,0,0
Bac_asv1029,0.000141037,0,0,0,0,0,0,0,0,0,0.000263477,0,0,0,0,0
Bac_asv1030,0,0.000194951,0,0,0,0,0,0,0,0,0,0,0,0,0,0
Bac_asv1031,0,0.000194951,0,0,0,0,0,0,0,0,0,0,0,0,0,0
Bac_asv1032,0,0.000194951,0,0,0,0,0,0,0,0,0,0,0,0,0,0
Bac_asv1033,0,0,0.000116056,0,0,0,0,0,0,0,0,0,0,0,0,0
Bac_asv1034,0,0,0.000116056,0,0,0,0,0,0,0,0,0,0,0,0,0
Bac_asv1035,0,0,0.000116056,0,0,0,0,0,0,0,0,0,0,0,0,0
Bac_asv1036,0,0,0.000116056,0,0,0,0.000111352,0,0,0,0,0,0,0,0.000114857,0
Bac_asv1037,0,0,0,0,0,0,0,0,0,0,0.000316172,0,0,0,0,0
Bac_asv1038,0,0,0,0,0.000146021,0,0,0,0,0,0.000316172,0,0,0,0,0
Bac_asv1039,0,0,0,0,0,0,0,0,0,0,0,0,0.000165691,0,0,0
Bac_asv1040,0,0,0,0,9.73E-05,0,0,0,0,0,0,0,0.000165691,0,0,0
Bac_asv1041,0,0,0,0,0,0,0,0,0,0,0,0,0,0.000262663,0,0
Bac_asv1042,0,0,0,0,0,0,0,0,0,0,0,0,0,0.000262663,0,0
Bac_asv1043,0,0,0,0,0,0,0,0,0,0,0,0,0,0.000262663,0,0
Bac_asv1044,0,0,0,0,0.000292042,0,0,0,0,0,0,0,0,0,0,0
Bac_asv1045,0,0,0,0,0.000292042,0,0,0,0,0,0,0,0.000110461,0,0,0
Bac_asv1046,0,0,0,0,0.000292042,0,0,0,0,0,0,0,0,0,0,0
Bac_asv1047,0,0,0,0,0,0.000222535,0,0,0,0,0,0,0,0,0,0
Bac_asv1048,0,0,0,0,0,0.000222535,0,0,0,0,0,0,0.000138076,0,0,0
Bac_asv1049,0,0,0,0,0,0.000222535,0,0,0,0,0,0,0,0,0,0
Bac_asv1050,0,0,0,0,0,0.000222535,0,0,0,0,0,0,0,0,0,0
Bac_asv1051,0,0,0,0,0,0,0.000334057,0,0,0,0,0,0,0,0,0
Bac_asv1052,0,0,0,0,0,0.000148357,0.000334057,0,0,0,0,0,0,0,0,0
Bac_asv1053,0,0,0,0,0,0,0,0.000246741,0,0,0,0,0,0,0,0
Bac_asv1054,0,0,0,0,0,0,0,0.000246741,0,0,0,0,0,0,0,0
Bac_asv1055,0,6.50E-05,0,0,0,0,0,0.000246741,0,0,0,0,0,0,0,0
Bac_asv1056,0,0,0,0,0,0,0,0.000246741,0,0,0,0,0,0,0,0
Bac_asv1057,0,0,0,0,0,0,0,0,0,0,0,0,0,0,0.00034457,0
Bac_asv1058,0,0,0,0,0,0,0,0,0,0,0,0,0,0,0,0.00030027
Bac_asv1059,0.000117531,0,0,0,0,0,0,0,0,0,0,0,0,0,0,0
Bac_asv1060,0.000117531,0,0,0,0,0,0,0,0,0,0,0,0,0,0,0
Bac_asv1061,0.000211556,0,0,0,0,0,0,0,0,0,0,0,0,0,0,0
Bac_asv1062,0.000117531,0,0,0,0,0,0,0,0,0,0,0,0,0,0,0
Bac_asv1063,0,0.000162459,0,0,0,0,0,0,0,0,0,0,0,0,0,0
Bac_asv1064,0,0,9.67E-05,0,0,0,0,0,0,0,0,0,0,0,0,0
Bac_asv1065,0,0,9.67E-05,0,0,0,0,0,0,0,0,0,0,0,0,0
Bac_asv1066,0,0.000129967,9.67E-05,0,0,0,0,0,0,0,0,0,0,0,0,0
Bac_asv1067,0,0,0,0.000180558,0,0,0,0,0,0,0,0,0,0,0,0
Bac_asv1068,0,0,0,0.000180558,0,0,0,0,0,0,0,0,0,0,0,0
Bac_asv1069,0,0,0,0,0,0,0,0,0.000461297,0,0,0,0,0,0,0
Bac_asv1070,0,0,0,0,0,0,0,0,0,0,0.000316172,0,0,0,0,0
Bac_asv1071,0,0,0,0,0,0,0,0,0,0,0,0.000356328,0,0,0,0
Bac_asv1072,0,0,0,0,0,0,0,0,0,0,0,0.000356328,0,0,0,0
Bac_asv1073,0,0,0,0,0,0,0,0,0,0,0,0.000356328,0,0,0,0
Bac_asv1074,0,0,0,0,0,0,0,0,0,0,0,0,0.000138076,0,0,0
Bac_asv1075,0,0,0,0,0,0,0,0,0,0,0,0,0.000138076,0,0,0
Bac_asv1076,0,0,0,0,0,0,0,0,0,0,0,0,0,0.000218885,0,0
Bac_asv1077,0,0,0,0,0,0,0,0,0,0,0,0,0,0.000218885,0,0
Bac_asv1078,0,0,0,0,0.000243368,0,0,0,0.000276778,0,0,0,0,0,0,0
Bac_asv1079,0,0,0,0,0.000243368,0.000148357,0,0,0,0,0,0,0,0,0,0
Bac_asv1080,0,0,0,0,0.000194695,0.000185446,0,0,0,0,0,0,0,0,0,0
Bac_asv1081,0,0,0,0,0,0.000185446,0,0,0,0,0,0,0,0,0,0
Bac_asv1082,0,0,0,0,0,0.000185446,0,0,0,0,0,0,0,0,0,0
Bac_asv1083,0,0,0,0,0.000194695,0,0.000278381,0,0,0,0,0,0,0,0.000172285,0
Bac_asv1084,0,0,0,0,0,0,0.000278381,0,0,0,0,0,0,0,0,0
Bac_asv1085,0,0,0,0,0,0,0,0.000205617,0,0,0,0,0,0,0,0
Bac_asv1086,0,6.50E-05,0,0,0,0,0,0.000205617,0,0,0,0,0,0,0,0
Bac_asv1087,0,0,0,0,0,0,0,0.000205617,0,0,0,0,0,0,0,0
Bac_asv1088,0,0,0,0,0,0,0.000222705,0.000205617,0,0,0,0,0,0,0,0
Bac_asv1089,0,0,0,0,0,0,0,0,0,0,0,0,0,0,0.000287142,0
Bac_asv1090,0,0,0,0,0,0,0,0,0,0,0,0,0,0,0.000287142,0
Bac_asv1091,0,0,0,0,0,0,0,0,0,0,0,0,0,0,0.000287142,0
Bac_asv1092,0,0,0,0,0,0,0,0,0,0,0,0,0,0,0.000287142,0
Bac_asv1093,9.40E-05,0,0,0,0,0,0,0,0.000369038,0,0,0,0,0,0,0
Bac_asv1094,9.40E-05,0,0,0,0,0,0,0,0,0,0,0,0,0,0,0
Bac_asv1095,0,0,7.74E-05,0,0,0,0,0,0,0,0,0,0,0,0,0
Bac_asv1096,0,0,0,0.000144446,0,0,0,0,0,0,0,0,0,0,0,0
Bac_asv1097,0,0,0,0,0,0,0,0,0,0.000283366,0.000158086,0,0,0,0.000114857,0
Bac_asv1098,0,0,0,0,0,0,0,0,0,0.000283366,0,0,0,0,0,0
Bac_asv1099,0,0,0,0,0,0,0,0,0,0,0,0,0.000110461,0,0,0
Bac_asv1100,0,0,0,0,0,7.42E-05,0.000222705,0,0,0,0,0,0.000110461,0,0.000172285,0
Bac_asv1101,0,0,0,0,0,0,0,0,0,0,0,0,0.000110461,0,0,0
Bac_asv1102,0,0,0,0,0,0,0,0,0,0,0,0,0.000110461,0,0,0
Bac_asv1103,0,0,0,0,0,0,0,0,0,0,0,0,0.000110461,0,0,0
Bac_asv1104,0,0,0,0,0,0,0,8.22E-05,0,0,0,0,0.000110461,0,0,0
Bac_asv1105,0,0,0,0,0,0,0,0,0,0,0,0,0.000110461,0,0,0
Bac_asv1106,0,0,0,0,0,0,0,0,0,0,0,0,0,0.000175108,0,0
Bac_asv1107,0,0,0,0,0,0,0,0,0,0,0,0,0,0.000175108,0,0
Bac_asv1108,0,0,0,0,0,0,0,0,0,0,0,0,0,0.000175108,0,0
Bac_asv1109,0,0,0,0,0.000194695,0,0,0,0,0,0,0,0,0,0,0
Bac_asv1110,0,0,0,0,0,0,0.000222705,0,0,0,0,0,0,0,0,0
Bac_asv1111,0,0,0,0,0,0,0,0.000164494,0,0,0,0,0,0,0,0
Bac_asv1112,0,0,0,0,0,0,0.000111352,0.000164494,0,0,0,0,0,0,0,0
Bac_asv1113,0,0,0,0,0,0,0,0,0,0,0,0,0,0,0.000229713,0
Bac_asv1114,0,0,0,0,0,0,0,0,0,0,0,0,0,0,0.000229713,0
Bac_asv1115,7.05E-05,0,0,0,0,0,0,0,0,0,0,0,0,0,0,0
Bac_asv1116,7.05E-05,0,0,0,0,0,0,0,0,0,0,0,0,0,0,0
Bac_asv1117,7.05E-05,0,0,0,0,0,0,0,0,0,0,0,0,0,0,0
Bac_asv1118,0,0,0,0,0,0,0,0,0,0.000212525,0,0,0,0,0,0
Bac_asv1119,0,0,0,0,0,0,0,0,0,0,0,0,8.28E-05,0,0,0
Bac_asv1120,0,0,0,0,0,0,0,0,0,0,0,0,8.28E-05,0,0,0
Bac_asv1121,0,0,0,0,0,0,0,0,0,0,0,0,8.28E-05,0,0,0
Bac_asv1122,0,0,0,0,0.000146021,0,0,0,0,0,0,0,0,0,0,0
Bac_asv1123,0,0,0,0,0,0.000111268,0,0,0,0,0,0,0,0,0,0
Bac_asv1124,0,0,0,0,0,0.000111268,0.000111352,0,0,0,0,0,0,0,0,0
Bac_asv1125,0,0,0,0,0,0.000111268,0,0,0,0,0,0,0,0,0,0
Bac_asv1126,0,0,0,0,0,0,0.000278381,0,0,0,0,0,0,0,0,0
Bac_asv1127,0,0,0,0,0,0,0,0.00012337,0,0,0,0,0,0,0,0.000150135
Bac_asv1128,0,0,0,0,0,0,0,0.00012337,0,0,0,0,0,0,0,0
Bac_asv1129,0,0,0,0,0,0,0,0.00012337,0,0,0,0,0,0,0,0
Bac_asv1130,0,0,0,0,0,0,0,0,0,0,0,0,0,0,0.000172285,0
Bac_asv1131,0,0,0,0,0,0,0,0,0,0,0,0,0,0,0,0.000150135
Bac_asv1132,0,0,0,0,0,0,0,0,0,0,0,0,0,0,0,0.000150135
Bac_asv1133,4.70E-05,0,0,0,0,0,0,0,0,0,0,0,0,0,0,0
Bac_asv1134,0,6.50E-05,0,0,0,0,0,0,0,0,0,0,0,0,0,0
Bac_asv1135,0,0,3.87E-05,0,0,0,0,0,0,0,0,0,0,0,0,0
Bac_asv1136,0,0,0,0,0,0,0,0,0,0,0.000105391,0,0,0,0,0
Bac_asv1137,0,0,0,0,0,0,0,0,0,0,0,0,5.52E-05,0,0,0
Bac_asv1138,0,0,0,0,0,0,0,0,0,0,0,0,0,8.76E-05,0,0
Bac_asv1139,0,0,0,0,9.73E-05,0,0,0,0,0,0,0,0,0,0,0
Bac_asv1140,0,0,0,0,9.73E-05,0,0,0,0,0,0,0,0,0,0,0
Bac_asv1141,0,0,0,0,9.73E-05,0,0,0,0,0,0,0,0,0,0,0
Bac_asv1142,0,0,0,0,9.73E-05,0,0,0,0,0,0,0,0,0,0,0
Bac_asv1143,0,0,0,0,0,7.42E-05,0,0,0,0,0,0,0,0,0,0
Bac_asv1144,0,0,0,0,0,0,0.000111352,0,0,0,0,0,0,0,0,0
Bac_asv1145,0,0,0,0,0,0,0,8.22E-05,0,0,0,0,0,0,0,0
Bac_asv1146,0,0,0,0,0,0,0,8.22E-05,0,0,0,0,0,0,0,0
Bac_asv1147,0,0,0,0,0,0,0,0,0,0,0,0,0,0,0.000114857,0
Bac_asv1148,0,0,0,0,0,0,0,0,0,0,0,0,0,0,0.000114857,0
Bac_asv1149,0,0,0,0,0,0,0,0,0,0,0,0,0,0,0,0.00010009
Bac_asv1150,0,0,0,0,0,0,0,0,0,0,5.27E-05,0,0,0,0,0
Bac_asv1151,0,0,0,0,0,0,0,0,0,0,0,0.000142531,0,0,0,0
Bac_asv1152,0,0,0,0,0,0,0,0,0,0,0,0,0,0,5.74E-05,0
Bac_asv1153,0,0,0,0,0,0,0,0,0,0,0,0,0,0,0.000114857,5.00E-05
Bac_asv1154,0,0,0,0,0,0,0,0,0,0,0,0,0,0,5.74E-05,0
Bac_asv1155,0,0,0,0,0,0,0,0,0,0,0,0,0,0,5.74E-05,0
Bac_asv1156,0,0,0,0,0,0,0,0,0,0,0,0,0,0,5.74E-05,0
Bac_asv1157,0,0,0,0,0,0,0,0,0,0,0,0,0,0,5.74E-05,0
Bac_asv1158,0,0,0,0,0,0,0,0,0,0,0,0,0,0,0,5.00E-05
Bac_asv1159,0,0,0,0,0,0,0,0,0,0,0,0,0,0,0,5.00E-05
